,Country Name,Country Code,1970,1971,1972,1973,1974,1975,1976,1977,1978,1979,1980,1981,1982,1983,1984,1985,1986,1987,1988,1989,1990,1991,1992,1993,1994,1995,1996,1997,1998,1999,2000,2001,2002,2003,2004,2005,2006,2007,2008,2009,2010,2011,2012,2013,2014,2015,2016
0,World,WLD,NaN,NaN,NaN,NaN,NaN,NaN,NaN,NaN,NaN,NaN,NaN,NaN,NaN,NaN,NaN,NaN,NaN,NaN,NaN,NaN,NaN,NaN,NaN,NaN,NaN,NaN,NaN,NaN,NaN,NaN,NaN,NaN,NaN,NaN,NaN,NaN,NaN,NaN,NaN,NaN,NaN,NaN,NaN,NaN,NaN,NaN,NaN
1,Afghanistan,AFG,0,0,0,0,1461377.134,7951684.064,9295340.266,10993283.47,7982566.817,13997503.37,13906005.81,11896889.85,1817807.609,4498973.837,10994442.73,12639206.76,17915764.6,5413670.467,2002516.291,5699156.196,19298097.92,3914395.645,1610274.204,2242311.212,2006686.98,2245496.885,3956869.828,3972051.387,1045648.528,1216374.079,7330554.634,8571046.442,5860032.962,4111670.63,4717570.222,7222487.914,16152037.86,14912776.9,19370293.54,10976734.6,17447254.32,23915376.64,27975406.07,28250985.04,26589706.22,16591951.19,12859890.62
2,Albania,ALB,191561.1882,355517.192,483998.0553,870100.2077,39293525.89,42797468.75,56496992.84,67101472.62,73233965.5,206169619.5,273651555.3,232391462.6,256769336.3,347579372.1,244654985.8,235506926.7,90284864.64,121993480.8,78481785.79,113422717.9,117834060.2,30143006.42,12214525.96,12388116.71,12073530.94,10486516.99,13287554.04,10140496.43,1151245.376,4362430.399,10571609.81,8221940.625,10066340.89,13628116.94,9542012.288,22369135.3,36527858.47,29156106.59,43624568.61,34184295.93,87084622.32,195044734.4,222736295.9,279005934.2,294335650.4,110059533.2,143094677.2
3,Algeria,DZA,1521146.354,1044964.131,2979206.175,10786751.19,1586346602,1474067312,1919743520,2385341478,2641367092,7126668582,7662134057,4791152123,3460984783,3431986028,3623567292,3619572781,1468364341,2425325264,1782090758,2958220196,4540916301,2866271212,2313429585,2142500980,1853731309,2067164150,3197321576,2892551495,1567014434,2161116147,4320797147,4045624791,4354593838,6513534960,9469201733,15459243545,19101443474,20804975590,28194122449,15014777744,18985114632,27470506610,27308751872,25002611332,23213347232,10650448674,12039305214
4,American Samoa,ASM,NaN,NaN,NaN,NaN,NaN,NaN,NaN,NaN,NaN,NaN,0,0,0,0,0,0,0,0,0,0,0,0,0,0,0,0,0,0,0,0,0,0,0,0,0,0,0,0,0,0,0,0,0,0,0,0,0
5,Andorra,AND,NaN,NaN,NaN,NaN,NaN,NaN,NaN,NaN,NaN,NaN,NaN,NaN,NaN,NaN,NaN,NaN,NaN,NaN,NaN,NaN,NaN,NaN,NaN,NaN,NaN,NaN,NaN,NaN,NaN,NaN,NaN,NaN,NaN,NaN,NaN,NaN,NaN,NaN,NaN,NaN,NaN,NaN,NaN,NaN,NaN,NaN,NaN
6,Angola,AGO,0,72.24057266,18105511.42,65094061.6,441845780,372814749,383747313.1,386305981,328973354.8,913514695.6,983438327.2,623347729.6,362952612.7,624855151.1,686823026.7,910429687.8,565999215.5,1175478211,1249050781,2005028560,2996416425,1842366509,2251652214,1786746139,1553221494,1893475947,2643901590,2415914819,1166490658,2109234644,3731716689,2610009831,2915354694,3114928769,5663998418,11852683868,16524008691,23870859795,38721767792,16301899254,24640560544,35210697098,33399383734,30360409443,24052916376,8095254645,8760714293
7,Antigua and Barbuda,ATG,NaN,NaN,NaN,NaN,NaN,NaN,NaN,NaN,NaN,NaN,0,0,0,0,0,0,0,0,0,0,0,0,0,0,0,0,0,0,0,0,0,0,0,0,0,0,0,0,0,0,0,0,0,0,0,0,0
8,Argentina,ARG,33820.68363,159332.6845,180236.2024,1640871.205,588200476.5,550145511.2,640438863.6,623169984.9,651114521.2,2345012132,3265572986,2782326167,1572303773,2155161209,2011492085,1894760418,673892754.8,1134732356,853804683.5,1513656222,2477793300,1356394134,1609171843,1661999717,1711881171,2090242667,3088997415,2833659391,1286751730,2354437130,4690188988,3546155047,3633124526,4238874988,5695733060,8608946954,10124751041,10191755726,13698164246,6489253454,8433049492,12966839667,12499221542,11036573647,10140791133,3750925100,3726737476
9,Armenia,ARM,NaN,NaN,NaN,NaN,NaN,NaN,NaN,NaN,NaN,NaN,NaN,NaN,NaN,NaN,NaN,NaN,NaN,NaN,NaN,NaN,0,0,0,0,0,0,0,0,0,0,0,0,0,0,0,0,0,0,0,0,0,0,0,0,0,0,0
10,Aruba,ABW,NaN,NaN,NaN,NaN,NaN,NaN,NaN,NaN,NaN,NaN,NaN,NaN,NaN,NaN,NaN,NaN,0,0,0,0,0,0,0,0,0,0,0,0,0,0,0,0,0,0,0,0,0,0,0,0,0,0,0,0,0,0,0
11,Australia,AUS,9412421.727,33809305.99,67295464.36,179484142,983120824.8,1215222509,1379568224,1654917231,1651296198,3923316099,3334771799,2795850387,1782165813,2471069791,3020391543,3665776290,1648380087,2249533427,1682876881,2220218749,3821107182,2198334839,2231134567,1941988110,1903273624,2192606455,2688710721,2419965975,1123838301,1638796818,4784001949,3422440981,3008601141,2708612134,3671058500,6970558473,7918824153,8067922455,15013009253,7670705164,10109915126,13952182504,14538103514,10872932256,9686507254,4116000447,3808205986
12,Austria,AUT,1197779.922,1820560.504,2892676.347,4718114.38,71837806.63,82201504.92,88592262.44,96313755.42,100927798.5,220170131.5,271613360.1,173383054,117420346.8,147382457,139281531.9,129551221.1,66807679.64,80074609.44,70061885.98,100362591.8,141788920.1,90108736.91,78240267.62,73567466.69,62194393.99,69541819.4,89291574.42,70607217.01,24157674.25,50733702.76,132043846.6,134614036.9,127419771.5,153122581.6,181849519.8,240142514,330044495.7,347068314.2,447391301.8,286024762.2,283880637.9,442342511.2,517416818.4,460163068.5,412258972.2,199393944.2,186407729.8
13,Azerbaijan,AZE,6872853.086,11516664.56,16802973.11,24083666.34,586378880.7,518041055.8,649906469,719511131.5,704008103.4,1651739760,2239888687,1946701869,1302425431,1378754387,1338796201,1200846644,590901537.6,827384973.7,643951938.2,907098375,1154828430,553479708.1,418457936.7,370223648.3,311486357.9,327402676.6,446181930.7,503273570.4,123589379.8,563179037.1,1444614858,1137313351,560187800,731621189.2,922270668.5,2359108407,5388490447,8371147947,12147791411,7911076308,11326069582,15780450554,14533117087,12714468991,10396281666,4225966029,4679358470
14,"Bahamas, The",BHS,NaN,NaN,NaN,NaN,NaN,NaN,NaN,NaN,NaN,NaN,0,0,0,0,0,0,0,0,0,0,0,0,0,0,0,0,0,0,0,0,0,0,0,0,0,0,0,0,0,0,0,0,0,0,0,0,0
15,Bahrain,BHR,140188.2106,135424.3406,269825.8182,827471.3919,125569614.4,119433772.6,130883282.6,140574073,135959190.1,357204995.4,441486082.4,329628574.8,253840128.5,270943061.2,257635871.5,273362294.6,141483818.9,193184797.3,163450470.7,242165638.5,335471804.5,186723679.4,189390927.3,207892788.6,184512700.5,179770788.6,199530161.1,221342375.9,130893651,191634417.6,368104917.9,342567556.3,329057659.4,389222529.3,497421347.5,788883792.6,1013380929,1114419196,1549440621,988316209.6,1070547374,1708129924,2181665798,2494105192,2348745213,1270028946,1230937086
16,Bangladesh,BGD,NaN,0,0,1149.65349,49836.36623,179755.4349,547031.3576,1048737.041,896577.1332,2337901.841,2488972.023,1326067.451,0,2189444.382,5539514.937,6787566.781,6263148.587,5100174.988,3170091.043,5452709.149,17420971.01,11827663.28,13130941.09,20558134.29,21209786.02,29492881.68,49393039.09,49756630.6,16526360.07,17513018.38,130667419.9,158496910.1,160018931.5,168825976,238577669.2,469420479.7,771436435.1,759117327.9,964648084.4,686360265.4,777406860.1,1224878081,1362732037,1180836609,1332388018,1257430644,1051185180
17,Barbados,BRB,NaN,224.8669325,519.1902755,7477.89511,3678353.871,3606224.909,4197753.962,3697357.495,3647473.322,12380879.49,16311642.8,13610131.1,3834432.67,5249865.287,10194455.69,9940866.75,3386934.529,4511352.928,2519253.172,3668971.141,6124935.769,3240567.421,4146970.009,3412094.65,3069155.685,3939148.549,4105363.451,3169211.924,2511952.657,6087323.689,9655569.129,5842780.894,4876352.429,5834014.305,7949380.094,12158299.9,14982023.65,16215137.06,23069085.69,7234272.067,14186689.64,22688176.15,21375069.53,19934239.14,17214646.08,5886825.447,6295052.136
18,Belarus,BLR,7752.881308,31937.80177,87426.38482,241048.6869,16930171.86,21660209.96,29472434.58,39001936.37,42464046.31,118421034.7,150543967,148129973.8,117406413.9,141941549.1,142206922.5,147431575.2,62868217.13,107512457.3,83279899.52,135051358.6,199860047.7,73458681.84,83476505.7,82079153.85,76807808.17,82857674.09,104183361.1,82975922.44,19452667.83,72731837.84,177038187.3,137330796.2,141366045.7,167361543.6,222194299,318157702.7,391110040,406777272.9,557532046,277382400.3,410504607.1,626388719.2,486896402.4,368217290.7,271878837.3,99118883.55,222687066.7
19,Belgium,BEL,1435186.137,1699024.761,1582853.523,1516824.971,3072118.787,7398700.484,8469388.936,8325271.807,7352368.83,6943746.929,8069951.05,9967851.993,10886614.51,7842398.034,6946488.319,6759607.342,4252264.277,2104097.046,617178.11,283414.9991,571168.4068,366084.1957,119237.8497,80698.2835,17195.87938,3954.183537,38970.22653,2863.645913,0,3405.300538,58197.99115,0,0,0,0,0,0,0,0,0,0,0,0,0,0,0,0
20,Belize,BLZ,NaN,NaN,NaN,NaN,NaN,NaN,NaN,NaN,NaN,NaN,0,0,0,0,0,0,0,0,0,0,0,0,0,0,0,0,0,0,0,0,0,0,0,0,0,1485671.986,29342354.19,41159269.06,67989827.49,36637921.43,59024611.19,87918659.03,66999170.46,57990438.88,29375545.02,11089578.56,11944328.84
21,Benin,BEN,NaN,0,0,0,0,0,0,0,0,0,0,9256442.942,7324960.468,100729.7442,5209.282819,19195433.12,9892829.839,12930319.14,6553304.959,7159610.393,11062501.74,5826586.865,8745461.449,9559323.914,6514108.89,3877591.746,3615319.713,2271665.927,1424254.804,2632959.63,2906243.032,2165075.153,2570767.102,939509.6878,0,0,0,0,0,0,0,0,0,0,0,6154684.658,46362933.79
22,Bermuda,BMU,NaN,NaN,NaN,NaN,NaN,NaN,NaN,NaN,NaN,NaN,0,0,0,0,0,0,0,0,0,0,0,0,0,0,0,0,0,0,0,0,0,0,0,0,0,0,0,0,0,0,0,0,0,0,0,0,0
23,Bhutan,BTN,NaN,NaN,NaN,NaN,NaN,NaN,NaN,NaN,NaN,NaN,155.5583123,430.587466,498.1393687,592.5322709,932.7143167,1323.499789,1553.625104,2325.416658,3384.323813,4138.972818,4566.236674,4424.691342,108621.149,60930.97349,92759.34766,157981.5506,131551.5209,93471.23862,70493.56442,54386.45735,74328.06881,209615.6078,150493.0487,135136.6031,151639.8839,348596.4902,421720.4181,612933.9655,1533234.396,274081.0334,724512.7119,977669.726,692933.6808,0,0,0,0
24,Bolivia,BOL,0,15699.79812,21465.19354,221624.9598,78017305.45,68351854.6,78223694.66,56599390.92,51018503.55,145332245.8,179329117,135160766.7,77460450.26,96624756.85,85374443.57,78179827.4,32150849.69,55839199.03,35148144.79,62727590.23,98084871.56,68380717.85,66483895.89,68934874.63,66235578.7,88164730.3,130401990.3,105012153.9,56960151.05,87793620.98,167820378.7,106627248.9,104894865.4,116446340.5,327938898.3,591350774,735245744,832492123.1,935914951.2,504509590.9,568195228.9,1062580764,1662981859,1838749640,1844319274,809531435.8,751220130.8
25,Bosnia and Herzegovina,BIH,NaN,NaN,NaN,NaN,NaN,NaN,NaN,NaN,NaN,NaN,NaN,NaN,NaN,NaN,NaN,NaN,NaN,NaN,NaN,NaN,5207993.229,4292077.519,2432891.176,182710.9,26400.63576,13768819.46,130790.533,154351.0049,406991.0276,74129.10618,1008680.827,3922172.288,1316065.482,1734334.774,14948078.19,9825301.437,10705084.67,16567563.15,59406194.19,15913910.53,28014199.09,44398716.45,16732196.8,6791865.777,6048952.033,3634139.872,4419523.58
26,Botswana,BWA,NaN,NaN,NaN,NaN,NaN,NaN,NaN,NaN,NaN,NaN,5813975.461,8850974.083,9997932.511,5888106.976,4680684.29,5842896.807,5057160.648,3624956.341,5768393.367,7465207.865,9493707.843,9119713.908,9340182.192,6640973.31,7125652.66,10228855.35,7574594.747,6163392.816,5301635.667,3717931.09,5426680.369,9911075.985,6540515.833,6902011.347,21779685.11,18437077.67,19014902.03,22669474.49,53938049.02,13838496.36,32113143.7,34743452.4,41842696.5,33512526.33,28428966.36,22426139.58,22622284.85
27,Brazil,BRA,15465.47835,78080.76746,81812.64022,701682.1852,262154151.8,242869478.5,267426083.3,220213909.8,211876082.9,732884099.9,1071505416,1045528261,735201480.6,1367886755,1924330727,2269150391,814124513,1486401261,972388595.1,1831706297,2537041667,1248449375,1388493241,1384615252,1297640083,1469270285,2294437385,2079168748,1074659582,2557369153,5989130683,4459712899,5404895311,6627306526,8704417629,14994468600,18717622632,19216067674,27938890191,14360948660,22217154693,35965994798,33733084458,30854646835,31483056967,12554385424,14289737658
28,British Virgin Islands,VGB,NaN,NaN,NaN,NaN,NaN,NaN,NaN,NaN,NaN,NaN,0,0,0,0,0,0,0,0,0,0,0,0,0,0,0,0,0,0,0,0,0,0,0,0,0,0,0,0,0,0,0,0,0,NaN,NaN,NaN,NaN
29,Brunei Darussalam,BRN,0,7381615.804,25562164.28,76852780.72,365066175,357364779,494483860.3,592963945.8,615267807.6,1770476900,1957249108,947119002.2,452726280.1,763975332.4,750709663.5,709573897.8,381466790.3,417047614,306162285.2,413925693.2,735839286.7,471914550.2,505858778.2,495285607.7,462716312.1,483749440.2,548030485.5,503276830.6,254178291.1,491202441,1145252817,833504836.7,690851481.9,857892048.4,1239328978,1981194242,2508220484,1966680667,2427648923,1249972141,1794863315,3490700605,3184935337,2326400568,1833872500,690670225.4,655967093.8
30,Bulgaria,BGR,45554.40437,734310.8494,872403.6812,1127862.493,8272849.051,28322143.21,27041783.88,27334100.86,21078360.96,30242257.94,44217869.28,76546644.79,87079197.54,42750900.6,33199204.46,48335089.84,18515453.9,17295048.9,12856361.45,21056751.01,34351586.44,15456689.8,10378865.39,1368310.196,1705229.083,7004623.45,4396000.723,1554258.387,2774567.946,951173.9949,8139895.169,19413880.83,6770516.19,8245715.043,72156817.59,63618385.25,74715611.8,91098580.61,220162299.7,56441232.05,111546692.1,216463000.6,108335231.8,50752315.27,43010488.16,23949579.08,17200810.38
31,Burkina Faso,BFA,NaN,NaN,NaN,NaN,NaN,NaN,NaN,NaN,NaN,NaN,0,0,0,0,0,0,0,0,0,0,0,0,0,0,0,0,0,0,0,0,0,0,0,0,0,0,0,0,0,0,0,0,0,0,0,0,0
32,Burundi,BDI,NaN,NaN,NaN,NaN,NaN,NaN,NaN,NaN,NaN,NaN,0,0,0,0,0,0,0,0,0,0,0,0,0,0,0,0,0,0,0,0,0,0,0,0,0,0,0,0,0,0,0,0,0,0,0,0,0
33,Cabo Verde,CPV,NaN,NaN,NaN,NaN,NaN,NaN,NaN,NaN,NaN,NaN,0,0,0,0,0,0,0,0,0,0,0,0,0,0,0,0,0,0,0,0,0,0,0,0,0,0,0,0,0,0,0,0,0,0,0,0,0
34,Cambodia,KHM,NaN,NaN,NaN,NaN,NaN,NaN,NaN,NaN,NaN,NaN,0,0,0,0,0,0,0,0,0,0,0,0,0,0,0,0,0,0,0,0,0,0,0,0,0,0,0,0,0,0,0,0,0,0,0,0,0
35,Cameroon,CMR,NaN,0,0,0,0,0,0,197002.9509,23571081.74,333690062,669307392.6,623707065.6,426139804.4,524100960.5,837350502.9,876333049.2,368523388.7,642571734.2,469320448.4,724443401,873594752.4,469368013,505002626,426423822.4,360857074,327849375,454628678.2,438972346.4,213207681.2,374521657.7,707602262.9,459728436.5,472064716.8,486742293.2,709030837.1,972661456.5,1178919850,1257640549,1948250584,760466511.7,1028288610,1438015770,1466927917,1457096044,1376849895,546376000.5,619811999.1
36,Canada,CAN,8571880.386,636042023.1,823230542.3,1257743056,5277885376,5026595726,5134804574,5883904877,5721134358,13968202485,16376958440,11763837386,6868442629,9367579320,10351398052,10613840144,4662763272,7563410914,6461077444,8221546986,10702342493,8017195476,9485038917,10443785035,9516535586,9637099649,14799452696,12213730855,7478666740,12285026122,26360411709,23532224130,17835776725,15954693651,27242125834,30012985316,26712998088,23757226274,31717491906,6857576470,5697328026,7012866038,5352013367,6078840551,8389074990,1036947022,1174882432
37,Cayman Islands,CYM,NaN,NaN,NaN,NaN,NaN,NaN,NaN,NaN,NaN,NaN,0,0,0,0,0,0,0,0,0,0,0,0,0,0,0,0,0,0,0,0,0,0,0,0,0,0,0,0,0,0,0,0,0,0,0,0,0
38,Central African Republic,CAF,NaN,NaN,NaN,NaN,NaN,NaN,NaN,NaN,NaN,NaN,0,0,0,0,0,0,0,0,0,0,0,0,0,0,0,0,0,0,0,0,0,0,0,0,0,0,0,0,0,0,0,0,0,0,0,0,0
39,Chad,TCD,NaN,NaN,NaN,NaN,NaN,NaN,NaN,NaN,NaN,NaN,0,0,0,0,0,0,0,0,0,0,0,0,0,0,0,0,0,0,0,0,0,0,0,32868063.74,1153565595,1545982596,1535309904,1579709054,1881687769,756826674.1,1249980240,1963404781,1733898933,1304605038,1285785230,413237460.4,465308220.8
40,Channel Islands,CHI,NaN,NaN,NaN,NaN,NaN,NaN,NaN,NaN,NaN,NaN,NaN,NaN,NaN,NaN,NaN,NaN,NaN,NaN,NaN,NaN,NaN,NaN,NaN,NaN,NaN,NaN,NaN,NaN,NaN,NaN,NaN,NaN,NaN,NaN,NaN,NaN,NaN,NaN,NaN,NaN,NaN,NaN,NaN,NaN,NaN,NaN,NaN
41,Chile,CHL,1685.812256,7301.282969,8313.297334,80665.30046,31043209.12,33638607.11,38987800.03,35118833.25,35123995.11,117388013.5,178163418.8,193563779.3,77041575.34,95197734.61,95189158.14,84316309.88,23117374.83,61408471.45,30767227.61,47106203.37,58965658.38,26886461.78,22849852.29,21181265.71,15893931.91,14009170.01,15478096.33,14714605.16,9663514.156,11499276.97,20181751.73,16229572.41,25858852.7,22458957.31,18873134.8,35840012.03,36628884.15,37785847.91,49766314.91,31936907.8,43399886.3,69060688.59,95256824.43,114046392.5,98357371.6,31977457.42,22949309.74
42,China,CHN,0,82885204.02,156171777,375178759.6,2928328705,5437933916,6432151957,7748897785,8353352970,17247480003,21378736599,20395164668,16498238596,14506717908,14449574246,16694107220,8335502475,9243394283,8330055159,12890954958,17599487073,10829160613,10533532862,9267862732,8349287571,10510603327,12730116255,11193652402,6090665746,9902751795,20564203936,20327365835,16815401626,20371344297,52273768465,64395681775,72786936400,85229309919,1.87E+11,74877582041,1.35E+11,2.22E+11,1.55E+11,1.24E+11,1.07E+11,42233818067,44012660992
43,Colombia,COL,23213.50082,1419920.193,1411065.342,2292598.308,282097531.7,268492030.2,288225473.3,242125040.4,226682242.7,666340806.8,887779622.8,822685118.1,513072147.4,741592135.3,686825590.9,705036285.4,441520106.6,1016027234,660516057.6,1270003165,2062512421,1049669733,1017751720,1020609112,935152064.5,1496589669,2210726385,2003720000,1011371401,2365134262,4053339152,2547250400,2636452573,2968500890,4473214502,6421837641,7604538789,8145775231,13996706377,6902790305,11910325255,22267806741,21234984994,20128843966,18176980951,6559709933,6403142075
44,Comoros,COM,NaN,NaN,NaN,NaN,NaN,NaN,NaN,NaN,NaN,NaN,0,0,0,0,0,0,0,0,0,0,0,0,0,0,0,0,0,0,0,0,0,0,0,0,0,0,0,0,0,0,0,0,0,0,0,0,0
45,"Congo, Dem. Rep.",COD,NaN,11987.29348,15392.04834,19328.44875,30002.98231,105425.4857,31767325.76,68792200.68,72343529.5,147557239.3,158921780.3,113958561.7,88211933.74,113998346.2,152701203.2,170139416.3,70426992.19,118138940.7,87858495.33,131392023.3,184517790.7,108801256.8,82449795.35,72195588.55,65709658.99,85270316.54,110081407.2,87463484.55,36908355.48,57160939.41,135093519.4,88448071.33,79732822.09,83971956.18,122615252.3,169584693.4,204496750.9,272704835.8,332744600.2,172647209.6,253688850.2,375467749.8,364829107.2,328568903.6,269049359.7,81461210.83,91471579.5
46,"Congo, Rep.",COG,NaN,0,210591.7417,13615310.01,111732578,70740498.96,93406931.53,86376548.84,126079685,364416527.3,487877919.5,379895551,218033530.5,282543796.6,542239624.9,544808927.5,220384249.3,399279248.1,365610715.3,688850658.4,908015017.8,520332063.2,610673818.1,639199701.5,516030334.6,570748297.8,710304841.9,720349804.6,360986080,752744872.1,1418523028,926889240.6,861477327.6,842822340.6,1383063285,2371509124,3297171954,2837575264,4326089375,2343685799,4346399253,6381691505,5617626339,4306687243,3778718109,1071727448,1074011553
47,Costa Rica,CRI,NaN,0,0,0,0,0,0,0,0,0,0,0,0,0,0,0,0,0,0,0,0,0,0,0,0,0,0,0,0,0,0,0,0,0,0,0,0,0,0,0,0,0,0,0,0,0,0
48,Cote d'Ivoire,CIV,NaN,0,0,0,0,0,0,0,0,0,4049352.292,40558176.93,29349639.73,88858736.09,86786651.24,94194245.51,37256236,49962743.77,22646548.14,2239319.494,2317769.196,576649.1166,12438214.13,13587716.97,17083102.09,19076198.07,60661530.25,48728729.09,15509261.88,27268961.41,41314439.55,32218209.64,70926023.24,108014782.5,205446697.9,517013275.8,969857364.3,840429484.6,1113460494,517327388.5,671924333.5,890975191,784795360.7,613485536.6,393557337.5,196380201.5,182304545.7
49,Croatia,HRV,301607.653,590658.2172,775248.6644,1401831.694,70983588.24,68926396.88,82601978.93,90096080.71,88805265.89,236436083.5,286251644.9,267162594.4,194500960.9,256132874.8,270433334.9,276558419.9,153366400.1,179321480.6,164041081.7,221124768,300041082.6,156960779.5,100974289.6,104173914.4,76728575.53,81642410.36,103129585,106788140.6,30691074.12,58105249.27,136579337.2,116417786.7,107797855.2,135131713.7,154983970.5,211267059.2,264200669.5,288354445.8,384662659.8,366069698.1,213661667.1,305425071,441979002.7,340737633.8,306864222.4,172350309.1,169395156.2
50,Cuba,CUB,34.11659961,661.9260751,1203.975274,16925.38818,7927890.38,9526276.453,11577121.84,10157684.83,9783220.657,33261772.65,17345042.22,30320219.7,24062100.99,43241603.27,55495369.69,63621965.39,23184346.38,44511038.34,24016298.87,41400918.27,55845171.23,28412692.74,37784057.42,48257251.61,55247786.1,69236490.36,110834194.6,93142197.41,30421173.17,88572056.32,201166303.5,182893407.4,118370209.7,182398491.4,267975233.7,351469532.2,416195951,712494574.4,1019441278,440017235.2,718139739.6,1191337349,1082649511,974333564.4,877613739.6,299201106.1,323694802.7
51,Curacao,CUW,NaN,0,0,0,0,0,0,0,0,0,0,0,0,0,0,0,0,0,0,0,0,0,0,0,0,0,0,0,0,0,0,0,0,0,0,0,0,0,0,0,0,0,0,0,0,0,0
52,Cyprus,CYP,NaN,0,0,0,0,0,0,0,0,0,0,0,0,0,0,0,0,0,0,0,0,0,0,0,0,0,0,0,0,0,0,0,0,0,0,0,0,0,0,0,0,0,0,0,0,0,0
53,Czech Republic,CZE,40.76468205,18791166.66,18595459.94,21340789.03,49851647.57,205098734.2,232848232.5,239366724,198550150.1,198087729.7,280021619,500002767.5,540096399.9,292876343.9,195976549.3,227129858,108827204.2,59530937.21,61072275.29,78917522.59,154451187.3,135395029.3,91900818.77,48315810.12,34438026.76,57547354.78,53864784.54,42443115.72,36035696.82,22580579.6,53089983.43,113689867.7,70224827.08,82727727.66,302896454,284994712.8,299402283.8,337154341.8,993008531.8,328117238.6,471283086.6,648789654.2,307398617.7,159471570.9,139811639.8,79134020.81,78373779.46
54,Denmark,DNK,0,0,1055.849109,1382.607866,112120.802,303539.071,640336.8888,4782329.504,3606567.857,9730104.765,5734434.608,35750621.75,100866748.2,160607715.1,147511850.9,212891034,146416222.4,274721382,205181097.6,365504516.8,565339385.2,356172689.9,368906522.7,400443296.7,409831999.4,444072357.8,704109050.2,661096745.6,186309440.7,686251288.5,1983447188,1545387557,1691629097,1987488842,2811202189,4127748831,4659747840,4386590506,6024510933,3060128987,3520416638,4906870390,4494826169,3542042658,2997559242,1324814684,1305999025
55,Djibouti,DJI,NaN,NaN,NaN,NaN,NaN,NaN,NaN,NaN,NaN,NaN,0,0,0,0,0,0,0,0,0,0,0,0,0,0,0,0,0,0,0,0,0,0,0,0,0,0,0,0,0,0,0,0,0,0,0,0,0
56,Dominica,DMA,NaN,NaN,NaN,NaN,NaN,NaN,NaN,NaN,NaN,NaN,0,0,0,0,0,0,0,0,0,0,0,0,0,0,0,0,0,0,0,0,0,0,0,0,0,0,0,0,0,0,0,0,0,0,0,0,0
57,Dominican Republic,DOM,NaN,0,0,0,0,0,0,0,0,0,0,0,0,0,0,0,0,0,0,0,0,0,0,0,0,0,0,0,0,0,0,0,0,0,0,0,0,0,0,0,0,0,0,0,0,0,0
58,Ecuador,ECU,32.46201252,134.9772533,29825.43847,931284.7987,277865876.5,239496978.8,329725007.1,277805652.1,305218473.8,1097168402,1344444518,1157504510,662046880.3,1061770304,1056456597,1140337671,399655167.5,359694990.8,526449294.5,826134746.4,1276832391,663211765.8,631051539.9,626631569,687152248.6,832331475.4,1086991334,905713829.7,347447184.4,708143731.5,1519180201,1110656891,1092371444,1464315122,2766756099,4395452514,5396577619,5363258903,5861288378,2651002637,3964951348,6133272895,5470182139,5536739928,5429517992,1656849148,1894696455
59,"Egypt, Arab Rep.",EGY,442195.0589,398681.7015,461520.263,1110051.463,149729016.3,306630194.9,583969621.8,914597563.1,1200993375,3589759198,4986910989,4151251177,3455117856,3971330708,4605915014,5046298284,1882000739,3216193303,2456838572,3825216912,5773721759,3288418961,3508779431,3402914031,2885577293,3257759795,4034670326,3483905128,1920265449,3152882377,4667132920,3701342958,3806354784,4700713223,5774471933,8820369543,10688262550,11675744503,16756582958,9906034842,12585213927,18612539503,19538034677,18945736871,17403822368,8369573743,8621418003
60,El Salvador,SLV,NaN,0,0,0,0,0,0,0,0,0,0,0,0,0,0,0,0,0,0,0,0,0,0,0,0,0,0,0,0,0,0,0,0,0,0,0,0,0,0,0,0,0,0,0,0,0,0
61,Equatorial Guinea,GNQ,NaN,NaN,NaN,NaN,NaN,NaN,NaN,NaN,NaN,NaN,0,0,0,0,0,0,0,0,0,0,0,1338.671262,370740.8947,18562064.25,2875787.446,17545197.98,24196911.28,229803716.1,123510736.6,401676929.1,1140525015,1879373100,2618221185,3357069271,4095917356,4834765442,5573613527,5481489520,7658440847,3386832442,4720269733,6891096223,7167572141,5945292902,4722834562,1455115895,1262157984
62,Eritrea,ERI,NaN,NaN,NaN,NaN,NaN,NaN,NaN,NaN,NaN,NaN,NaN,NaN,NaN,NaN,NaN,NaN,NaN,NaN,NaN,NaN,NaN,NaN,0,0,0,0,0,0,0,0,0,0,0,0,0,0,0,0,0,0,0,0,0,0,0,0,0
63,Estonia,EST,5137.285813,13185.3627,19959.90362,36008.36084,1774569.808,1767780.121,2204760.974,2449380.431,2544772.629,7049205.004,8788148.57,7527956.598,5411809,6171839.395,6037058.385,6177278.852,2459688.785,4012639.871,2978166.739,4785997.68,6615921.676,2928023.483,1570952.876,1510312.014,1416140.919,1815206.512,2805532.172,2486346.774,536902.2978,2151147.334,5776627.567,4936568.397,6036382.382,7989738.624,11008851.49,18632676.71,24810031.66,28404233.5,44590832.23,23775213.84,36360215.35,59439591.91,57786066.18,53607550.59,46654405.23,18849267.13,21716901.29
64,Ethiopia,ETH,NaN,0,0,0,0,0,0,0,0,0,0,0,0,0,0,0,0,0,0,0,0,0,0,0,0,0,0,0,0,0,0,0,0,0,0,0,0,0,0,16569.07907,57440.96168,45452.66709,0,0,0,0,0
65,Faroe Islands,FRO,NaN,NaN,NaN,NaN,NaN,NaN,NaN,NaN,NaN,NaN,0,0,0,0,0,0,0,0,0,0,0,0,0,0,0,0,0,0,0,0,0,0,0,0,0,0,0,0,0,0,0,0,0,0,0,0,0
66,Fiji,FJI,NaN,NaN,NaN,NaN,NaN,NaN,NaN,NaN,NaN,NaN,0,0,0,0,0,0,0,0,0,0,0,0,0,0,0,0,0,0,0,0,0,0,0,0,0,0,0,0,0,0,0,0,0,0,0,0,0
67,Finland,FIN,0,0,0,0,0,0,0,0,0,0,0,0,0,0,0,0,0,0,0,0,0,0,0,0,0,0,0,0,0,0,0,0,0,0,0,0,0,0,0,0,0,0,111512.1457,307213.6872,399402.3233,499711.5668,0
68,France,FRA,3691037.645,4927275.621,6612171.136,8869857.584,64723567.3,94979469.16,104386088.2,118196233.5,139966323.7,287996541.9,449610204.6,371505815.2,223948429.7,364252383.7,426216519.2,465135227.9,238960417.5,265435271.4,208687946.2,285802586.2,371119151.9,218737002.4,191183564.6,186679032.1,171521968.8,165572356.6,195663792.2,143735982.8,42430468.05,84082349.9,187695532.2,179090991.1,159000169.6,161534858,172856763.1,231050646.8,294898806.1,288399858.5,395554582.1,228830767.8,245057855.5,380222014,343202055,283681527.8,214441338.9,99044687.28,113412678.7
69,French Polynesia,PYF,NaN,NaN,NaN,NaN,NaN,NaN,NaN,NaN,NaN,NaN,0,0,0,0,0,0,0,0,0,0,0,0,0,0,0,0,0,0,0,0,0,0,0,0,0,0,0,0,0,0,0,0,0,0,0,0,0
70,Gabon,GAB,0,0,18627145.79,69564621.1,606954558.4,607481819.1,678095156.4,791138760.8,743581817.8,1676784565,1546365656,934557844.2,632564837.7,745569942.4,746828953.5,891997215,367146729,551000946,455226713.4,979014948.3,1781564151,1119570579,1226660706,1197855006,1092411537,1207415913,1573241082,1378997468,513663926.3,898546342.7,1581421675,930805638.3,818586467.4,848179352.5,1295628567,2295966090,2301606004,2996314516,4320597330,1892682646,3029823583,4632895903,4262533877,3608122267,2955891044,858510585.5,946723959.1
71,"Gambia, The",GMB,NaN,NaN,NaN,NaN,NaN,NaN,NaN,NaN,NaN,NaN,0,0,0,0,0,0,0,0,0,0,0,0,0,0,0,0,0,0,0,0,0,0,0,0,0,0,0,0,0,0,0,0,0,0,0,0,0
72,Georgia,GEO,254.2477778,416.6249641,436.9624487,529.1361017,50633.39982,12329892.03,31562694.95,51449108.17,71452502.73,243602588.3,372658620.7,370931157.8,268181959.2,320169610.5,238305487,175108980.5,56169611.98,63312584.04,39320053.99,52708420.03,52158267.35,22803782.92,9267641.039,3703221.904,2831692.919,2601019.722,2903267.891,4375665.569,765239.5898,2808204.547,6295868.721,10654023.11,4805655.749,15010938.41,9292197.163,12240344.95,9315652.827,4031079.098,5554858.772,2896263.787,4195573.991,6204447.018,6165829.013,5328468.207,4451497.689,1726733.484,1420533.842
73,Germany,DEU,268587801.2,335754271.4,308938129.2,340675550,898346161.1,2117659059,2456628872,2379332886,2234605974,2614591616,3143998415,3904767738,3762193045,2854771517,2393305380,2318138859,1513178894,1095086670,964921252.1,1283476455,1827754447,1545213285,1260347025,966293519.7,661695086.7,788330965.4,905382433,790748448.1,480699039.8,412882257.1,866792957.9,1271203778,1093273698,1219687521,1626496612,2255089188,2651971874,2340956626,4661238135,2520073710,2152488979,3219055719,2588243211,1979310625,1728276375,938255398.8,833278948.6
74,Ghana,GHA,NaN,0,0,0,0,0,0,0,0,4242737.764,17658177.12,15859249.2,9932383.576,4033031.563,3248419.875,939370.2019,424314.9708,708143.3491,676812.6719,1011320.688,1263696.493,757370.8289,1491432.408,1675495.705,1753161.844,2274982.336,1398908.963,1629761.947,1028815.45,2610300.607,6479628.431,6151319.245,96606.63793,130885.6749,1046330.318,442830.0358,1888254.914,3160719.344,5710164.586,1751565.48,58943088.24,1222733348,1570916458,1961553693,1630455495,531527738.6,493049736.4
75,Gibraltar,GIB,NaN,0,0,0,0,0,0,0,0,0,0,0,0,0,0,0,0,0,0,0,0,0,0,0,0,0,0,0,0,0,0,0,0,0,0,0,0,0,0,0,0,0,0,0,0,0,0
76,Greece,GRC,0,241577.3958,301104.0316,441249.9327,1146598.059,12721970.36,15916318.12,17007203.68,11035207.26,10763256.15,22382960.75,59987460.23,140326210.2,138863826.6,133638621.3,140455111.1,55430613.41,75990460.2,57391855.19,72636241.12,95689976.07,64479075.8,45845397.53,24622446.44,21183832.61,28867799.11,38431467.68,25805949.86,8447787.407,1140010.605,39065729.89,55737809.57,28308707.44,27546896.58,152426841.3,105053878.1,103644162.2,154707695.2,423731953.6,120473634.2,208552433,288110424.2,137128916.4,57771047.36,47873694.59,22520452.15,37171496.92
77,Greenland,GRL,NaN,NaN,NaN,NaN,NaN,NaN,NaN,NaN,NaN,NaN,0,0,0,0,0,0,0,0,0,0,0,0,0,0,0,0,0,0,0,0,0,0,0,0,0,0,0,0,0,0,0,0,0,0,0,0,0
78,Grenada,GRD,NaN,NaN,NaN,NaN,NaN,NaN,NaN,NaN,NaN,NaN,0,0,0,0,0,0,0,0,0,0,0,0,0,0,0,0,0,0,0,0,0,0,0,0,0,0,0,0,0,0,0,0,0,0,0,0,0
79,Guam,GUM,NaN,NaN,NaN,NaN,NaN,NaN,NaN,NaN,NaN,NaN,0,0,0,0,0,0,0,0,0,0,0,0,0,0,0,0,0,0,0,0,0,0,0,0,0,0,0,0,0,0,0,0,0,0,0,0,0
80,Guatemala,GTM,NaN,0,0,0,0,0,127693.7707,405945.5353,2845579.514,19034402.55,34879208.78,29696527.91,16410376.26,26661656.08,15329786.46,878860.9015,5241934.03,8506027.969,4755441.611,5930735.745,13472431.5,8081664.005,13569558.08,6737476.273,8462819.619,5228288.55,13534953.88,31376614.41,24492166.57,24089933.43,48227220.9,34519193.95,49644492.72,60308292.67,57387993.01,74107094.98,67896393.21,178862784.9,224528078,99283134.53,127078501.3,179726254.8,165221098.6,142920912.1,128819320.7,39807204.06,40475087.58
81,Guinea,GIN,NaN,NaN,NaN,NaN,NaN,NaN,NaN,NaN,NaN,NaN,0,0,0,0,0,0,0,0,0,0,0,0,0,0,0,0,0,0,0,0,0,0,0,0,0,0,0,0,0,0,0,0,0,0,0,0,0
82,Guinea-Bissau,GNB,NaN,NaN,NaN,NaN,NaN,NaN,NaN,NaN,NaN,NaN,0,0,0,0,0,0,0,0,0,0,0,0,0,0,0,0,0,0,0,0,0,0,0,0,0,0,0,0,0,0,0,0,0,0,0,0,0
83,Guyana,GUY,NaN,NaN,NaN,NaN,NaN,NaN,NaN,NaN,NaN,NaN,0,0,0,0,0,0,0,0,0,0,0,0,0,0,0,0,0,0,0,0,0,0,0,0,0,0,0,0,0,0,0,0,0,0,0,0,0
84,Haiti,HTI,NaN,0,0,0,0,0,0,0,0,0,0,0,0,0,0,0,0,0,0,0,0,0,0,0,0,0,0,0,0,0,0,0,0,0,0,0,0,0,0,0,0,0,0,0,0,0,0
85,Honduras,HND,NaN,0,0,0,0,0,0,0,0,0,0,0,0,0,0,0,0,0,0,0,0,0,0,0,0,0,0,0,0,0,0,0,0,0,0,0,0,0,0,0,0,0,0,0,0,0,0
86,"Hong Kong SAR, China",HKG,NaN,0,0,0,0,0,0,0,0,0,0,0,0,0,0,0,0,0,0,0,0,0,0,0,0,0,0,0,0,0,0,0,0,0,0,0,0,0,0,0,0,0,0,0,0,0,0
87,Hungary,HUN,772879.7301,1597369.536,2601501.285,4837495.267,45250063.15,70586511.87,94314113.28,114007357.1,142805220.7,261766416.8,384839130.6,292848199.7,192805049.3,299367657.3,338357686.1,365771817.6,233274684.1,200413963.2,169142967.6,214515739.4,269067043,173495161.4,137260540.4,147782185.9,129030835.8,141094755.8,164290179.8,131498610.1,41223269.46,69001344.37,163798723.1,175291169.8,168928898.6,202892999,232566454.4,299051012.7,379606794.4,424016988.3,599987046,436351438.1,344951526.2,524513911.7,544061202.7,446215659.8,392558656.2,205444660.4,211024048.6
88,Iceland,ISL,0,0,0,0,0,0,0,0,0,0,0,0,0,0,0,0,0,0,0,0,0,0,0,0,0,0,0,0,0,0,0,0,0,0,0,0,0,0,0,0,0,0,0,0,0,0,0
89,India,IND,10878843.15,41619268.5,40324775.2,39550080.31,95924656.85,221464976.3,368165740.5,731032748.4,756836874.7,1566877983,1576917354,2432034671,2631580816,3280656973,3510356535,3965224125,1933006217,2462262867,2053081162,3555338116,4355365741,2439254375,2048487503,1828574114,2199333558,3029132287,3383469720,3195432881,1937028688,2728724018,4787597277,4259094802,4255574613,4885337330,7543830793,9354231734,12182184108,13794011002,20155135383,11020991586,16908598363,25324897532,23013194054,19729829847,17199566031,9267897110,10127288029
90,Indonesia,IDN,0,46773561.82,133139406.1,406764470.6,2418368399,2306231087,3121575099,4167138171,4166148170,10387814836,12011401669,9909889858,4343112848,5788038511,6694984284,6378417277,3267195866,4600034613,3436443878,5317927573,7959049154,4775721760,5423999529,5385229278,4951565328,5337666262,6854909344,5921077882,2920722735,4762669055,9664083964,6890048781,6430439094,6947202418,10276108902,13935947613,15871464370,16554680435,27456698353,12952663350,20542281974,31776234710,26910099052,22011169876,18422491247,7177340758,7981274559
91,"Iran, Islamic Rep.",IRN,4707870.091,6054634.84,13189765.5,56114531.8,9628499221,7971919840,10438479400,11117102017,10170606651,13125215671,3751512945,2907498888,6148893154,6776272854,5067608944,5183006305,1011741695,2428172251,2325844580,4687495869,7981486030,4918767039,5999417786,6160253675,5360961332,6204801307,7981925247,6961300693,3926588469,6302521938,11563715361,8602545658,6730387598,9360476108,12802679332,18842010709,22962642094,25313356528,33263105029,18781405276,23638825301,33515079688,19024996138,17945050882,16442738416,8191910182,13084344572
92,Iraq,IRQ,1733581.301,1945549.465,2893307.111,16268480.98,2587894345,3093659268,3879842240,4177314495,4811890730,20948279688,15143423337,2561746128,2114014874,1648941218,2220657242,2868585433,1711375000,3572539085,2398198677,4250532103,3014202924,38798934.35,79756885.21,106933314.7,112040933.2,128487516.8,179495049.4,560044457.8,1079727535,2494419326,4733917393,3288198983,2433207560,1217439441,3798640377,4948536129,6695444699,7848227708,13811380640,8004391101,11298051486,19655250760,20592300399,20805328799,22971782188,15376638335,20844381040
93,Ireland,IRL,0,338.4410475,349.848875,397.2490222,1100.604512,51397.88268,48948.61047,42771.17023,7554.016384,6910138.694,24377244.2,28490567.65,19682240.54,55023829.73,84450167.54,93510128.34,46970603.87,23083985.29,30550333.81,39926972.86,58361074.72,52053333.52,36940004.52,54822753.65,50102770.56,51309196.02,60092727.45,52194068.55,16704295.85,10444910.93,25963238.42,27399847.61,21674919.17,17680062.15,31970613.35,26806577.38,36248590.13,24460158.87,38464192.9,18887961.12,8910284.345,11919965.11,14050757.19,9737019.909,6980194.156,3390178.903,173727307.8
94,Isle of Man,IMN,NaN,NaN,NaN,NaN,NaN,NaN,NaN,NaN,NaN,NaN,NaN,NaN,NaN,NaN,NaN,NaN,NaN,NaN,NaN,NaN,NaN,NaN,NaN,NaN,NaN,NaN,NaN,NaN,NaN,NaN,NaN,NaN,NaN,NaN,NaN,NaN,NaN,NaN,NaN,NaN,NaN,NaN,NaN,NaN,NaN,NaN,NaN
95,Israel,ISR,3228.631746,5338.420093,7363.41768,15699.39641,1938422.021,1838644.462,2179427.974,1995497.23,1672584.125,4050321.228,381915343.1,310741128.7,7196630.39,8057484.657,7622007.998,7409622.983,3261592.552,1503412.986,1561358.864,1527933.196,1387946.135,807425.1958,802846.2292,549354.749,208417.6076,224113.8758,517977.3471,866037.8274,259372.1858,412170.3249,133505.423,108160.7214,172423.167,76170.78674,10891957.72,32778349.09,70640987.29,96501152.3,170957317.1,82129734.13,48205800.7,150736590.6,76964353.86,367138489.3,413797165,289062691.2,285225987
96,Italy,ITA,4884723.427,7605545.134,13810335.59,21571246.69,117903335.1,180950220.5,203470847,183682817.8,233083027.8,448206703.5,666188381.7,459802538.7,245644492.3,540754490.3,622956046.1,673029794.1,557849699.2,475625097.7,450981529.5,561680709.9,782589040.5,525094767.1,462691179,493422831.4,484051044,485918497.1,626180037,607960587.7,221608437.2,323658034.5,776422275.1,858131066.1,843331665.5,956481518.6,1056317786,1655203916,1937841793,1993546046,2591640420,1388214764,1547778035,2608062689,2869103970,2598883199,2370433602,1072965760,807485992.9
97,Jamaica,JAM,NaN,0,0,0,0,0,0,0,0,0,0,0,0,0,0,0,0,0,0,0,0,0,0,0,0,0,0,0,0,0,0,0,0,0,0,0,0,0,0,0,0,0,0,0,0,0,0
98,Japan,JPN,4057231.858,4321539.996,5232679.209,8146281.727,46834057.72,74353131.35,85259599.05,92940434.44,78976148.47,141329505.2,186067486.5,146361848.3,64657383.42,73550179.42,65245881.16,79771777.45,53955908.96,40834386.1,30644554.63,36512563.57,65996361.5,66249250.99,58566060.28,55089727.65,52875346.88,52661406.61,56956510.55,49522266.78,15278402.3,22637943.21,59583902.34,49699507.83,48402492.24,62120301.71,83199177.28,123419819.4,154589590,196575270.4,293613290.3,222170547.7,174497549.8,297099885.4,342229069.2,270526252.6,193807721.4,88577425.75,77669812.46
99,Jordan,JOR,NaN,0,0,0,0,0,0,0,0,0,0,0,0,0,0,0,1609616.29,788315.5444,651353.2654,425461.4763,2540173.168,635198.1521,875914.7167,862793.4234,1539682.464,1686600.834,1929952.695,2396495.748,1649411.628,1404022.676,2564272.661,3158715.711,2106955.983,2586126.068,3221689.188,4398669.082,6198099.481,5729938.374,6792448.997,6480827.416,3506422.352,6279715.365,7188009.757,6406594.841,4566369.076,2932760.835,1850186.69
100,Kazakhstan,KAZ,1693210.601,3607201.702,5203793.305,9670883.324,514865080.1,568353905.4,737128255.6,806782673.5,739910693.9,1853505830,7598935.875,4896559.83,2019101.156,5764577.136,7765166.105,1780777323,732533307.8,1204446995,931557452.3,1465038059,1846329834,904773824.8,716650368.9,594473684.5,541824511.2,609845493.9,965153117,920628940.3,213077153.9,996822610.5,2974864982,2677568080,3381267643,3888245836,6687710868,10935676836,13453974012,8170163273,11696324770,6985244440,10532417478,16699128737,15649858807,15220721497,14343868212,6230709758,6693132915
101,Kenya,KEN,NaN,0,0,0,0,0,0,0,0,0,0,0,0,0,0,0,0,0,0,0,0,0,0,0,0,0,0,0,0,0,0,0,0,0,0,0,0,0,0,0,0,0,0,0,0,0,0
102,Kiribati,KIR,NaN,NaN,NaN,NaN,NaN,NaN,NaN,NaN,NaN,NaN,0,0,0,0,0,0,0,0,0,0,0,0,0,0,0,0,0,0,0,0,0,0,0,0,0,0,0,0,0,0,0,0,0,0,0,0,0
103,"Korea, Dem. Peopleâ€™s Rep.",PRK,NaN,4754888.68,4954178.392,6664705.118,63829135.8,242298518,276506093.3,300399900.7,264741530.1,262463667.3,442140387.9,821057992.8,926622873.1,484491050,341504476.8,426073970.7,203389136.1,19225550.61,102336568.8,168858593.8,183727059.6,146002545.1,52125555.24,6332969.708,6483916.087,49270189.46,12370268.87,6056738.829,14282626.45,7039276.101,25454001.6,169331707.9,38740508.51,57118479.73,580645139.4,417072357.9,431192245.8,614458044.1,1680267319,356559915.5,717254372.6,1191932473,667452412.9,503502491.2,411919821.3,204494046.8,293225478.1
104,"Korea, Rep.",KOR,NaN,135198.0333,161202.6497,313096.0412,6895138.419,29797877.75,28132991.5,30202173.2,25245090.28,24308755.84,44434143.17,87049054.56,93714576.69,45402913.44,32812420.39,43663387.25,21830303.99,744575.799,11742465.96,16929950.55,15846784.51,10600963.25,3014953.312,206233.1755,184990.8235,1830684.081,318551.8246,134317.7946,436546.4484,174362.2453,1234080.578,9767954.475,854637.7673,1338282.664,14114575.12,27850614.48,29564338.12,32651607.52,50752933.41,38448177.96,43255030.76,63025189.84,50828586.87,45967022.63,26251709.34,7319210.031,6310120.441
105,Kosovo,XKX,NaN,NaN,NaN,NaN,NaN,NaN,NaN,NaN,NaN,NaN,NaN,NaN,NaN,NaN,NaN,NaN,NaN,NaN,NaN,NaN,NaN,NaN,NaN,NaN,NaN,NaN,NaN,NaN,NaN,NaN,388663.6604,1911387.243,587624.0925,749382.8959,5696508.571,4149110.042,4228008.627,6693446.286,23957330.77,7003371.498,13141712.46,17214733.15,6418769.057,2777694.409,2195679.575,1447470.126,1735849.001
106,Kuwait,KWT,2631332.742,2638344.367,5666551.289,16975083.34,2080608973,1414172608,1688040626,1613969117,1971292936,3017154082,4063015227,1503897810,653871184.9,1128046584,991456392.9,800689971.6,377894891.7,663134146.6,740400138.7,1578783869,573564362.4,13979762.2,511312928.2,1486694418,1515557520,1703883913,2224058441,1966045312,1160040451,1637481170,3322520061,2575081892,2130246795,3591553760,5570394295,10471633331,13227219123,13464474692,19771087618,8200023056,11923443075,22842601216,28638955427,26411553161,23016502995,11065440974,13489295007
107,Kyrgyz Republic,KGZ,19343.16243,34703.23608,43219.72364,72619.03148,3537952.637,3573344.15,4542213.623,5423030.555,5633729.965,15532257.36,19667426.84,16871251.2,12583690.2,16921268.65,19379927.2,18756050,7502230.111,12230278.61,9203616.553,14684091.78,21573725.26,10043655.2,2977080.071,2052784.066,1334304.024,2095872.455,2790998.822,3645894.586,364885.1508,1330324.665,5191738.06,3930596.048,2570827.493,2569060.505,3673210.018,9881985.51,11694722.08,3602078.32,5582651.162,2715181.253,4591045.291,7692089.078,6855338.459,5870671.949,4483638.328,1809852.163,2394953.771
108,Lao PDR,LAO,NaN,NaN,NaN,NaN,NaN,NaN,NaN,NaN,NaN,NaN,1045.079531,2132.792771,4534.910156,3337.928549,2989.282138,9427.202228,8761.963162,149.2947993,2356.752311,4000.301452,4534.24708,3479.690118,1391.086145,116.483546,129.4465381,37658.11123,16146.22276,13933.52506,52881.47048,47177.6261,152064.7405,1048009.986,309206.4375,410520.3503,6455851.991,4293174.298,4772297.772,8657903.952,24151028.03,6908912.063,14910173.6,24155731.76,13454647.5,0,0,0,0
109,Latvia,LVA,NaN,NaN,NaN,NaN,NaN,NaN,NaN,NaN,NaN,NaN,NaN,NaN,NaN,NaN,NaN,NaN,NaN,NaN,NaN,NaN,0,0,0,0,0,0,0,0,0,0,0,0,0,0,0,0,0,0,0,0,0,0,0,0,0,0,0
110,Lebanon,LBN,NaN,0,0,0,0,0,0,0,0,0,0,0,0,0,0,0,0,0,0,0,0,0,0,0,0,0,0,0,0,0,0,0,0,0,0,0,0,0,0,0,0,0,0,0,0,0,0
111,Lesotho,LSO,NaN,NaN,NaN,NaN,NaN,NaN,NaN,NaN,NaN,NaN,0,0,0,0,0,0,0,0,0,0,0,0,0,0,0,0,0,0,0,0,0,0,0,0,0,0,0,0,0,0,0,0,0,0,0,0,0
112,Liberia,LBR,NaN,NaN,NaN,NaN,NaN,NaN,NaN,NaN,NaN,NaN,0,0,0,0,0,0,0,0,0,0,0,0,0,0,0,0,0,0,0,0,0,0,0,0,0,0,0,0,0,0,0,0,0,0,0,0,0
113,Libya,LBY,5490089.386,4193843.601,6020584.484,19942751.88,1933477931,1798532733,3111654293,3832266302,3674525337,11226917539,10304238932,4009603604,3285272763,3331049269,3301110478,3085363997,1283714000,1735728742,1906745195,2729394350,5001594547,3217484900,3228522127,2744531611,2512338506,2852146084,3143791316,2929948991,1543805315,2416044403,4907945318,3732983354,3602532659,4893276784,6379616560,10282867467,12978265716,13639252820,19234292332,9735247984,13355551043,1615101653,13068988887,5771247002,1495262247,585531404.3,546647422.1
114,Liechtenstein,LIE,NaN,NaN,NaN,NaN,NaN,NaN,NaN,NaN,NaN,NaN,NaN,NaN,NaN,NaN,NaN,NaN,NaN,NaN,NaN,NaN,NaN,NaN,NaN,NaN,NaN,NaN,NaN,NaN,NaN,NaN,NaN,NaN,NaN,NaN,NaN,NaN,NaN,NaN,NaN,NaN,NaN,NaN,NaN,NaN,NaN,NaN,NaN
115,Lithuania,LTU,NaN,NaN,NaN,NaN,NaN,NaN,NaN,NaN,NaN,NaN,NaN,NaN,NaN,NaN,NaN,NaN,NaN,NaN,NaN,NaN,0,0,2026933.137,2747071.418,5427020.051,6824222.776,8797551.518,9159770.822,3017373.28,10183629.83,31962050.1,39377243.02,38796616.49,40520225.93,42835196.27,44647031.04,43474814.37,37473668.34,50041112.07,15805473.93,23059336.49,35307996.42,33770242.33,31145165.72,27442347.82,11171942.12,13017161.48
116,Luxembourg,LUX,0,0,0,0,0,0,0,0,0,0,0,0,0,0,0,0,0,0,0,0,0,0,0,0,0,0,0,0,0,0,0,0,0,0,0,0,0,0,0,0,0,73695.00386,446048.5826,409618.2496,499252.9041,374783.6751,0
117,"Macao SAR, China",MAC,NaN,NaN,NaN,NaN,NaN,NaN,NaN,NaN,NaN,NaN,0,0,0,0,0,0,0,0,0,0,0,0,0,0,0,0,0,0,0,0,0,0,0,0,0,0,0,0,0,0,0,0,0,0,0,0,0
118,"Macedonia, FYR",MKD,NaN,NaN,NaN,NaN,NaN,NaN,NaN,NaN,NaN,NaN,NaN,NaN,NaN,NaN,NaN,NaN,NaN,NaN,NaN,NaN,4976398.126,4840805.959,2734070.313,275016.2294,365956.8734,2042950.689,1193398.591,422714.1764,985130.8557,164142.9314,1634916.048,7063711.563,2089121.19,2647800.491,21981497.44,13463648.78,14158212.18,21643895.56,74034047.17,18252256.07,31412655.56,50680448.38,17245137.08,6159797.501,5203495.936,2665042.204,2590830.757
119,Madagascar,MDG,NaN,NaN,NaN,NaN,NaN,NaN,NaN,NaN,NaN,NaN,0,0,0,0,0,0,0,0,0,0,0,0,0,0,0,0,0,0,0,0,0,0,0,0,0,0,0,0,0,0,0,0,0,0,0,0,0
120,Malawi,MWI,NaN,NaN,NaN,NaN,NaN,NaN,NaN,NaN,NaN,NaN,0,0,0,0,0,0,0,0,0,0,0,0,0,0,0,0,0,0,0,263770.4831,478304.9798,545319.887,434493.0072,587247.1955,1263367.633,892307.5622,1151590.682,1739985.513,3281269.771,1072303.999,1858829.545,2521843.799,1627466.47,1590525.517,1251340.748,858130.7229,962726.0606
121,Malaysia,MYS,0,2871853.753,9808994.448,20531663.88,94755234.95,136340359.1,327299430.4,432603382.6,565107948.2,2012030816,2186901667,1380353245,940798328.3,1685824737,2112684693,2032918985,1141839921,1692790899,1401238512,2181751672,3343752672,1983196569,1974628765,1886096249,1715436051,2031902692,2629659599,2318049733,1156600655,1728713662,3520881385,2802789233,3083431676,3823353529,5409450479,7776664512,8517017704,8679179156,12342793005,7522492122,9921555799,13869582792,14340755443,12813675930,11379017194,4753634204,4939654123
122,Maldives,MDV,NaN,NaN,NaN,NaN,NaN,NaN,NaN,NaN,NaN,NaN,0,0,0,0,0,0,0,0,0,0,0,0,0,0,0,0,0,0,0,0,0,0,0,0,0,0,0,0,0,0,0,0,0,0,0,0,0
123,Mali,MLI,NaN,NaN,NaN,NaN,NaN,NaN,NaN,NaN,NaN,NaN,0,0,0,0,0,0,0,0,0,0,0,0,0,0,0,0,0,0,0,0,0,0,0,0,0,0,0,0,0,0,0,0,0,0,0,0,0
124,Malta,MLT,NaN,0,0,0,0,0,0,0,0,0,0,0,0,0,0,0,0,0,0,0,0,0,0,0,0,0,0,0,0,0,0,0,0,0,0,0,0,0,0,0,0,0,0,0,0,0,0
125,Marshall Islands,MHL,NaN,NaN,NaN,NaN,NaN,NaN,NaN,NaN,NaN,NaN,NaN,NaN,NaN,NaN,NaN,NaN,NaN,NaN,NaN,NaN,NaN,NaN,NaN,NaN,NaN,NaN,NaN,NaN,NaN,NaN,NaN,NaN,NaN,NaN,NaN,NaN,NaN,NaN,NaN,NaN,NaN,NaN,NaN,NaN,NaN,NaN,NaN
126,Mauritania,MRT,NaN,NaN,NaN,NaN,NaN,NaN,NaN,NaN,NaN,NaN,0,0,0,0,0,0,0,0,0,0,0,0,0,0,0,0,0,0,0,0,0,0,0,0,0,0,391038135.7,194487644.8,199308735.3,81117920.16,78453975.35,109453552.8,151063484.9,133188590.4,95132213.31,23708340.59,28986163.98
127,Mauritius,MUS,NaN,0,0,0,0,0,0,0,0,0,0,0,0,0,0,0,0,0,0,0,0,0,0,0,0,0,0,0,0,0,0,0,0,0,0,0,0,0,0,0,0,0,0,0,0,0,0
128,Mexico,MEX,2841.074752,330731.1546,330875.3877,578788.0906,106229813.5,174107668.6,265150970.5,365217431.3,576316906.1,2967942901,7169017380,6911382185,5181604618,6959090713,6749642667,6395752594,1986285969,4023942061,2758782492,4805279474,7136037477,4007617965,4369478871,4273814526,3939229495,4353482678,6394691014,6030571963,3821561648,7481629965,15859378469,12121315861,13796246450,18196786293,25488697392,39194699658,45795616825,44229245345,55238411430,24219932264,34504045551,54915214779,53272715926,49693419352,42866200059,14612345029,14560200709
129,"Micronesia, Fed. Sts.",FSM,NaN,NaN,NaN,NaN,NaN,NaN,NaN,NaN,NaN,NaN,NaN,NaN,NaN,NaN,NaN,NaN,NaN,NaN,NaN,NaN,NaN,NaN,NaN,NaN,NaN,NaN,NaN,NaN,NaN,NaN,NaN,NaN,NaN,NaN,NaN,NaN,NaN,NaN,NaN,NaN,NaN,NaN,NaN,NaN,NaN,NaN,NaN
130,Moldova,MDA,2000.821854,3361.489877,5748.728063,8839.211555,41939.06231,74764.75897,86598.54302,88340.84519,97048.6158,162617.6409,333956.7232,191029.7227,73778.06827,198063.8968,227141.8543,190934.9816,185082.3169,129521.8787,157992.5893,177644.8546,235963.0707,202795.9494,23842.6103,25554.68337,23319.90672,22759.72352,28122.36759,26105.44551,13013.94496,10234.48893,31269.72019,53974.277,41806.44946,46112.7764,1019128.293,971777.2455,958627.6596,1931370.648,4855834.991,2840960.812,2603584.214,4736805.897,3906889.234,3303964.151,2310094.883,827455.2813,944465.0364
131,Monaco,MCO,NaN,NaN,NaN,NaN,NaN,NaN,NaN,NaN,NaN,NaN,NaN,NaN,NaN,NaN,NaN,NaN,NaN,NaN,NaN,NaN,NaN,NaN,NaN,NaN,NaN,NaN,NaN,NaN,NaN,NaN,NaN,NaN,NaN,NaN,NaN,NaN,NaN,NaN,NaN,NaN,NaN,NaN,NaN,NaN,NaN,NaN,NaN
132,Mongolia,MNG,NaN,NaN,NaN,NaN,NaN,NaN,NaN,NaN,NaN,NaN,6158588.242,9280772.359,12391461.25,7490490.237,5784039.785,7740683.177,4162240.643,802358.3425,3030576.183,4806227.78,4683787.795,6401755.602,2761626.706,550382.4455,550274.6296,2793551.657,1294554.453,684535.1428,1314409.132,1149959.466,2910456.206,5631417.369,4139810.184,4810216.506,15949334.35,40831771.52,58971681.11,86956382.52,295169718.9,214582416.3,579263430.3,1169376637,635597533.7,492697508.7,526139847.6,222515809.8,316409128.3
133,Montenegro,MNE,NaN,NaN,NaN,NaN,NaN,NaN,NaN,NaN,NaN,NaN,NaN,NaN,NaN,NaN,NaN,NaN,NaN,NaN,NaN,NaN,NaN,NaN,NaN,NaN,NaN,NaN,NaN,NaN,NaN,NaN,NaN,NaN,NaN,NaN,NaN,2087121.515,2396622.111,3046120.955,13654971.23,1972346.753,7444708.928,10354368.12,3610220.495,1445685.181,1275267.06,787310.9958,696601.195
134,Morocco,MAR,1904.972393,5069.491475,9417.352272,24709.24969,2272931.396,2416234.704,2689245.452,3036152.069,3021551.193,8095209.129,9995786.697,7219840.387,5926240.889,6320770.93,6379196.47,6058227.394,1305800.007,1932171.747,847427.9102,589386.0817,2399402.832,848474.914,949449.8278,671408.6076,484603.3854,891990.9058,1186024.162,2004078.544,1024759.767,319738.3722,1116843.753,1774033.754,879790.6775,583770.6945,1006740.674,5642180.591,7409857.925,7321517.702,10006144.72,6560579.632,5930759.901,7075930.883,7481910.153,6068719.503,8749126.192,4655613.973,3420266.221
135,Mozambique,MOZ,NaN,108498.4407,124494.5127,180498.8141,339500.5788,891313.1168,867242.358,532823.5989,231527.7537,321551.6035,471050.8353,1116541.667,705266.1872,125921.9647,69385.97439,68156.88365,6012.644995,46616.23302,62079.03986,81996.1162,69657.88002,71155.64233,60392.83951,43470.69872,46125.06934,63041.88618,28917.43456,20795.35006,14977.15449,9741.219967,13353.62412,43460.10686,43981.15989,45193.13398,7674128.043,26974842.25,50919752.8,55928307.16,90659384.06,60845920.02,55820826.62,112630591.7,192613642.1,166634275.8,42584821.24,29607838.37,29026092.9
136,Myanmar,MMR,0,1906057.046,4345843.862,9613998.788,49093529.05,53413482.28,71338810.71,93973584.9,97055023.25,258020451.1,323718173.8,232755757.3,124764004.4,166641180.8,195660423.4,184066785.5,80262175.08,79381016.42,42250060.08,62158753.81,86636486.38,51627341.43,53359164.76,47648681.05,44165937.6,31818037.74,31593770.04,27128418.03,12582339.35,27809584.2,81215436.41,104557558.2,131346974.4,184450248.1,255207391.1,421885067.7,499924351.3,593603255.1,828535928.9,524459019.4,604390888.8,994772187.2,1048392979,795301366.2,785889378.1,406403406.3,219020462.2
137,Namibia,NAM,NaN,NaN,NaN,NaN,NaN,NaN,NaN,NaN,NaN,NaN,NaN,NaN,NaN,NaN,NaN,NaN,NaN,NaN,NaN,NaN,0,0,0,0,0,0,0,0,0,0,0,0,0,0,0,0,0,0,0,0,0,0,0,0,0,0,0
138,Nauru,NRU,NaN,NaN,NaN,NaN,NaN,NaN,NaN,NaN,NaN,NaN,0,0,0,0,0,0,0,0,0,0,0,0,0,0,0,0,0,0,0,0,0,0,0,0,0,0,0,0,0,0,0,0,0,NaN,NaN,NaN,NaN
139,Nepal,NPL,NaN,0,0,0,0,0,0,0,0,0,0,0,0,0,0,0,0,0,0,0,0,0,0,0,0,0,0,0,0,0,81273.53015,80762.0135,67048.01849,67131.94967,153210.6328,165040.4433,292966.2803,277833.3999,630766.2102,286079.306,418206.6007,549677.6763,406584.5403,356427.459,329154.3488,263115.3529,77752.22415
140,Netherlands,NLD,3896949.732,10975499.34,30126774.69,58919757.46,405888910,737221836.3,836345929.5,861110152.2,938036601.4,1784516235,2794502553,1613934328,599441310.6,1860514436,2260784730,2581236791,1827041695,1367868495,1111345067,1378204929,1881478806,1732177088,1294963743,1366519433,1171149764,1160353979,1605735716,1331459011,590140419.2,508110706.2,1407160249,2557817110,1993374602,2159778805,2457965548,2964036921,4234239994,4345504660,6990089320,5413623562,3139829816,5236669431,8040638726,8098369919,6516888286,2983292106,2169223578
141,New Caledonia,NCL,NaN,NaN,NaN,NaN,NaN,NaN,NaN,NaN,NaN,NaN,0,0,0,0,0,0,0,0,0,0,0,0,0,0,0,0,0,0,0,0,0,0,0,0,0,0,0,0,0,0,0,0,0,0,0,0,0
142,New Zealand,NZL,6576.295646,10289.61989,144762.7333,401260.3845,2706368.89,3675406.186,19011925.39,35725910.01,29249111.96,40192833.38,40498336.42,30981769.12,33844875.1,51719085.27,79063780.81,131633277.2,88550005.03,92369332.01,86844224.07,141055518.7,260507848.3,163940760.8,146489508,154228489.1,139265164.9,131370741.2,207136744.3,243920901.5,85081650.18,126191286.5,267331807.3,208397577.3,202172220.4,143478948.5,215640796.3,293206190.7,346878670.9,731482971.2,1405822343,722562327.6,978456533.9,1246538456,1164130592,945000337.9,897707090.1,348431786.8,314205419.9
143,Nicaragua,NIC,NaN,0,0,0,0,0,0,0,0,0,0,0,0,0,0,0,0,0,0,0,0,0,0,0,0,0,0,0,0,0,0,0,0,0,0,0,0,0,0,0,0,0,0,0,0,0,0
144,Niger,NER,NaN,NaN,NaN,NaN,NaN,NaN,NaN,NaN,NaN,NaN,42652.85051,94676.49321,147027.9012,262012.4536,241740.2204,273060.375,173358.5791,165141.0925,198587.9852,260006.0732,277630.3319,270052.7764,238223.3505,173073.7077,183602.7018,265442.1803,231135.1112,185419.7205,133175.8342,91859.80109,460804.8342,884099.4853,639213.3941,806702.335,2877430.489,1733815.651,1770546.61,2382774.273,5520527.876,1822810.768,4549191.805,19226764.49,91502924.25,195999600.3,276487208.4,85340765.77,67219639.34
145,Nigeria,NGA,0,3053.337645,212078568.9,751937373.1,5482491319,3841671715,5099087934,5783862622,4929079561,15618431104,14111171975,6091591901,3333753384,3674491069,4385801595,5293455816,2232986348,3330386308,3099370043,6377087043,9002217155,5138643001,5673033216,5254493330,4426182622,4785523720,6847304474,6645236899,2725068064,4228343006,8517738838,6456160374,5270342489,6426607955,11340835622,17710207709,19496418224,20548036635,24930291589,11935501298,22787534698,34390436638,33259035622,27841113283,24213470276,7407000618,6697160288
146,Northern Mariana Islands,MNP,NaN,NaN,NaN,NaN,NaN,NaN,NaN,NaN,NaN,NaN,NaN,NaN,NaN,NaN,NaN,NaN,NaN,NaN,NaN,NaN,NaN,NaN,NaN,NaN,NaN,NaN,NaN,NaN,NaN,NaN,NaN,NaN,NaN,NaN,NaN,NaN,NaN,NaN,NaN,NaN,NaN,NaN,NaN,NaN,NaN,NaN,NaN
147,Norway,NOR,1046622.295,1211222.198,1247787.735,1296799.097,5520822.803,84587499.88,214814874.5,247164571.6,503959892.5,1498838453,2981559678,2341310529,1372532014,2529530207,2997910777,3093693425,1601714217,2168234756,1683261708,4339614406,6302944767,4072230348,4815252516,4914741298,5181787376,6258743434,10134169717,8081841705,1886508203,6658137587,17014112315,13623955511,14097233238,16254349601,21024009691,29746743432,34207808520,32707860191,45948112064,26190899325,28005972929,42071709691,42225832557,36523278855,33444999612,16921120355,17808140510
148,Oman,OMN,517057.0398,428914.5591,780327.7361,2858918.875,469587889.2,575734516.3,724908101.5,746278240.9,691164436.7,1803993731,2007475771,1820329114,1431284075,1822739563,1881245548,2331406527,1185095592,1874924697,1610499089,2553579981,3896302196,2330895763,2537233004,2472142516,2324904411,2772153887,3753463264,3382346277,1900891744,3180538250,6151552770,5014865605,4791669420,5126595287,6473549482,9710072046,11097159079,11358177830,16731225249,11081722424,16071593090,24544476509,26452476478,26798162382,23960599455,12256139587,13684843103
149,Pakistan,PAK,0,1614619.043,1401373.591,1083683.548,3409189.866,9315087.528,12570661.39,29430509.74,24519232.04,57220153.72,91190249.86,72377860.72,44747122.14,61988073.78,101805708.4,203472798.9,161275097.3,205672454.6,157969299.8,253885298.4,486887232.1,336170259.2,287085624.9,241571044.2,253123940.4,293260958.1,417958336.3,382500208.7,187757437,283123473.5,738993598.7,724991121.5,662986580.2,760875107.4,1143194007,1899804684,2687267345,2711591848,3316121970,1889827221,2292679151,3567994598,3914177910,3626569878,3491903873,2175666209,2130839963
150,Palau,PLW,NaN,NaN,NaN,NaN,NaN,NaN,NaN,NaN,NaN,NaN,NaN,NaN,NaN,NaN,NaN,NaN,NaN,NaN,NaN,NaN,NaN,NaN,NaN,NaN,NaN,NaN,NaN,NaN,NaN,NaN,NaN,NaN,NaN,NaN,NaN,NaN,NaN,NaN,NaN,NaN,NaN,NaN,NaN,NaN,NaN,NaN,NaN
151,Panama,PAN,NaN,0,0,0,0,0,0,0,0,0,0,0,0,0,0,0,0,0,0,0,0,0,0,0,0,0,0,0,0,0,0,0,0,0,0,0,0,0,0,0,0,0,0,0,0,0,0
152,Papua New Guinea,PNG,NaN,NaN,NaN,NaN,NaN,NaN,NaN,NaN,NaN,NaN,0,0,0,0,0,0,0,0,0,0,0,176906.7241,188193229.4,458255407.3,351682403.1,363193658.4,423097101,288887703.4,142923881.1,305515269.9,419681392.6,279482550.1,247264304.1,259009294.6,315628742.7,415273981.9,606709164.7,460724738.5,859674443.6,382488227.3,472522582.1,677922286.6,497212161.9,371728910.7,698215773,504205046.2,349589663
153,Paraguay,PRY,NaN,0,0,0,0,0,0,0,0,0,0,0,0,0,0,0,0,0,0,0,0,0,0,0,0,0,0,0,0,0,0,0,0,0,0,0,0,0,0,0,0,0,0,0,0,0,0
154,Peru,PER,6015.123494,21123.86022,24610.11431,259406.0927,105103602.7,92909325.62,115106975,127098421.7,233361561.2,1045889713,1400350072,1061898190,627749038.4,759640254.2,798946255.2,815972718,264426288.3,465460929.8,234771982.6,365148427.3,538963743.7,235511362.4,268328509.1,287643745.2,263064236.3,286960421.8,385106244.5,321501103.6,121570809.8,236292076.9,430701549.3,282424901.1,311176924.4,346880886.7,449695829,918823393.5,1148950234,1165733931,1750945934,1074594369,1750253181,2983172143,2884829969,2865124781,2813867278,946987790,929959795.8
155,Philippines,PHL,NaN,4375.685888,5899.078558,10328.8606,102408.8279,764074.3607,888821.0972,2139288.004,1536829.914,197936084.4,96095111.35,40181690.66,51464212.28,80439068.41,71742323.75,53653879.91,29533348.32,22103221.98,20863530.38,28009166.56,34415347.67,12140430.05,36033945.77,23957074.36,4193850.607,7082764.934,3105029.844,1695430.284,3169300.762,1387779.044,5531399.472,12426530.94,62616631.96,83659202.18,138826929.2,223969192.1,232637123,338372199.4,608635098.7,388257938.9,529142708.7,791110482.3,615517796.2,473037174.6,469556450.1,176900621.5,215284524.1
156,Poland,POL,15830031.48,21704577.65,24215220.26,29959344.16,92806278.89,295041143.2,341780212.7,356261127.9,330222367.9,392932173.3,501353503.5,618613659.2,669968645.5,453777661.9,345112907.6,404146120.6,218214098.8,136889285.7,130825325.7,149955090.3,224600085.9,207033552.7,144881447.8,117148001.3,88508572.31,129407619.6,126948426.3,113186272,74666741.88,53633628.95,166481513.7,316099819.7,218066001.1,255922242.7,591097452.2,612640599,745705462,742454510.4,1761654249,731349117.5,848313669.3,1270006953,973785177.2,828357350.6,765074696.1,453027186,435748533.1
157,Portugal,PRT,0,385.9232933,477.6911552,555.4944261,1510.369419,67836.12248,58768.73238,57075.99537,2788.505604,2497.883428,5230.148199,11391.73943,11832.3184,5242.275519,3012.469678,5311.068632,1587.227966,559.4556051,757.9861614,1099.833096,4183.220395,3723.981832,1721.035862,155.6774489,155.8626514,0,0,0,0,0,0,0,0,0,0,0,0,0,0,0,0,0,0,0,0,0,0
158,Puerto Rico,PRI,NaN,NaN,NaN,NaN,NaN,NaN,NaN,NaN,NaN,NaN,0,0,0,0,0,0,0,0,0,0,0,0,0,0,0,0,0,0,0,0,0,0,0,0,0,0,0,0,0,0,0,0,0,0,0,0,0
159,Qatar,QAT,602381.6417,727704.1249,1571313.422,6612663.444,968401130.6,757644520.8,988546668,952747718.2,1103741787,3271582217,3437038111,2245618427,1387070400,1236577630,1865702211,1222552403,554400052.3,790479391.3,798198346.7,1395985541,1858394596,1015040323,1298182914,1163196154,1050113090,1281466067,2030534021,1986138774,1515761791,2426968834,5022604492,2269970324,2008142813,2986799523,4860938994,8315278217,10293171406,12674487694,20222755614,13007748481,16747297815,28013025547,28478971721,28039253563,25009596787,12343687998,13279901805
160,Romania,ROU,9596885.516,19023442.26,31278975.32,48263066.84,561088628.8,773260868.8,916006008.6,1022111919,1097369625,2167827500,3061159690,2485156408,1569196432,2328300112,2509933632,2403213302,1646740471,1348807336,1178375989,1317786897,1571830439,814911353.7,588662476.1,521824678.6,438307721.5,461336569.1,562722724.1,443833577.1,154512351.2,272328499.1,678220061.8,818938591.9,747906949.5,830996001.1,1120789372,1183777713,1360970627,1603527613,2647075176,1340747379,1477430637,2727075855,2730738634,2404552086,2200121614,1148906723,976900676.7
161,Russian Federation,RUS,20346456.55,39790857.21,57544742.94,109692651.4,5081279249,6092922421,8681755226,10905838545,12773488738,36270946364,48791965217,42318655449,30544872106,37575807185,38236790050,35916646110,18490160889,24938185072,19707616571,28534757166,37280148001,19110432186,13695851262,12717526349,10540239727,11850721619,15342926712,12918102400,4313823517,8671935599,23092505865,24429814875,25239768448,33662663876,46733414679,72374889070,93008893958,98150858824,1.37E+11,78282181381,98444545066,1.59E+11,1.67E+11,1.54E+11,1.40E+11,62837702431,69543074177
162,Rwanda,RWA,NaN,NaN,NaN,NaN,NaN,NaN,NaN,NaN,NaN,NaN,0,0,0,0,0,0,0,0,0,0,0,0,0,0,0,0,0,0,0,0,0,0,0,0,0,0,0,0,0,0,0,0,0,0,0,0,0
163,Samoa,WSM,NaN,NaN,NaN,NaN,NaN,NaN,NaN,NaN,NaN,NaN,0,0,0,0,0,0,0,0,0,0,0,0,0,0,0,0,0,0,0,0,0,0,0,0,0,0,0,0,0,0,0,0,0,0,0,0,0
164,San Marino,SMR,NaN,NaN,NaN,NaN,NaN,NaN,NaN,NaN,NaN,NaN,NaN,NaN,NaN,NaN,NaN,NaN,NaN,NaN,NaN,NaN,NaN,NaN,NaN,NaN,NaN,NaN,NaN,NaN,NaN,NaN,NaN,NaN,NaN,NaN,NaN,NaN,NaN,NaN,NaN,NaN,NaN,NaN,NaN,NaN,NaN,NaN,NaN
165,Sao Tome and Principe,STP,NaN,NaN,NaN,NaN,NaN,NaN,NaN,NaN,NaN,NaN,0,0,0,0,0,0,0,0,0,0,0,0,0,0,0,0,0,0,0,0,0,0,0,0,0,0,0,0,0,0,0,0,0,0,0,0,0
166,Saudi Arabia,SAU,2266147.849,3413680.867,8519030.633,44588524.62,8964160165,6463533523,10426950724,12806005189,11256878872,40372903277,49907123640,38624343302,15172401758,10323265811,8461101868,4384478040,3870159176,4566440290,5058330537,7549122790,11499819201,10203856855,11369920398,10208231874,8965157468,10290629681,13417223683,12212609564,6947983291,10329347624,21196539376,15801322735,14744554624,22795545663,32949337956,53943740370,59488875914,58489391381,88950360355,41535445682,66137889936,1.08E+11,1.18E+11,1.09E+11,99526874123,51998732324,61075084265
167,Senegal,SEN,NaN,0,0,0,0,0,0,0,0,0,0,0,0,0,0,0,0,69374.00924,166218.5322,178010.7938,119629.877,69109.67477,73388.66426,77460.16888,75475.72701,144540.5834,163486.0261,89671.06101,72973.63628,62868.00427,23491.34052,159211.6792,408.3266616,5628.684363,9709.547321,16848.56541,14689.40769,13447.21931,19904.74912,34577.97868,52585.95493,237823.323,342305.4915,1021168.692,1028169.68,696648.6772,572421.9546
168,Serbia,SRB,106302.8669,202347.2589,278146.8958,537293.2186,23887298.69,24105091.65,30007607.64,34249559.57,37583213.51,103697145.5,135073787.7,116403940.9,85795498.66,99766894.22,95083614.5,88945231.12,38591499.85,57034902.9,48911976.52,71075736.41,113131799,62733626.92,63691681.45,57546489.53,47018903.41,56852786.11,67307500.41,51522730.28,13637212.79,43334327.61,107500568,83715909.71,68810298.24,76635810.51,117686955.4,137580010,161340250.2,179394567,310642649.2,137178199.9,270464553.7,490905982.3,481825915.3,448220572.4,376487212,147570957.7,158267138.9
169,Seychelles,SYC,NaN,NaN,NaN,NaN,NaN,NaN,NaN,NaN,NaN,NaN,0,0,0,0,0,0,0,0,0,0,0,0,0,0,0,0,0,0,0,0,0,0,0,0,0,0,0,0,0,0,0,0,0,0,0,0,0
170,Sierra Leone,SLE,NaN,NaN,NaN,NaN,NaN,NaN,NaN,NaN,NaN,NaN,0,0,0,0,0,0,0,0,0,0,0,0,0,0,0,0,0,0,0,0,0,0,0,0,0,0,0,0,0,0,0,0,0,0,0,0,0
171,Singapore,SGP,NaN,0,0,0,0,0,0,0,0,0,0,0,0,0,0,0,0,0,0,0,0,0,0,0,0,0,0,0,0,0,0,0,0,0,0,0,0,0,0,0,0,0,0,0,0,0,0
172,Sint Maarten (Dutch part),SXM,NaN,NaN,NaN,NaN,NaN,NaN,NaN,NaN,NaN,NaN,NaN,NaN,NaN,NaN,NaN,NaN,NaN,NaN,NaN,NaN,NaN,NaN,NaN,NaN,NaN,NaN,NaN,NaN,NaN,NaN,NaN,NaN,NaN,NaN,NaN,NaN,NaN,NaN,NaN,NaN,NaN,NaN,NaN,NaN,NaN,NaN,NaN
173,Slovak Republic,SVK,9521.07589,557018.4555,743848.1121,891637.7153,4667764.79,14571877.84,13086921.05,13638916.17,13998199.17,12849110.01,18581216.26,29351408.68,29483023.39,16513753.55,11007555.99,16770788.35,7630001.279,7777355.975,8677661.761,12531860.37,18925124.74,10451838.64,7060594.541,4739503.2,4868454.038,7298260.114,7697009.438,5621091.718,2250742.454,3183790.891,7358927.706,9956178.018,5957015.943,7242038.799,17482252.19,12013815.38,15118103.62,13470881.16,34240518.45,11152132.06,16188318.04,23664411.46,13853661.65,7517462.783,5613978.015,2902310.52,2696305.668
174,Slovenia,SVN,816.1807748,1419.621304,2797.93317,4374.501711,23008.89451,41259.26248,44790.51875,47635.21043,60045.79154,107058.7944,445229.9833,783401.1721,1121572.361,1459743.55,1797914.739,2136085.928,2474257.117,2812428.305,3150599.494,3488770.683,3826941.872,3168975.55,1950842.448,600046.758,445914.8175,1313214.374,808499.8626,536361.1147,540886.7483,130303.9978,949953.2202,3115146.387,1181223.012,1572678.542,11912134.41,7604704.69,7808154.368,12489356.1,36830831.86,9646348.812,18355974.89,24969546.12,8988011.346,3996738.827,2848770.282,1721836.067,2088070.718
175,Solomon Islands,SLB,NaN,NaN,NaN,NaN,NaN,NaN,NaN,NaN,NaN,NaN,0,0,0,0,0,0,0,0,0,0,0,0,0,0,0,0,0,0,0,0,0,0,0,0,0,0,0,0,0,0,0,0,0,0,0,0,0
176,Somalia,SOM,NaN,NaN,NaN,NaN,NaN,NaN,NaN,NaN,NaN,NaN,0,0,0,0,0,0,0,0,0,0,0,0,0,0,0,0,0,0,0,0,0,0,0,0,0,0,0,0,0,0,0,0,0,0,0,0,0
177,South Africa,ZAF,NaN,118012346,129111482.8,167752100.8,311266464.1,645821817.9,747256678.1,866596229.6,879475936.1,1016102627,1487084759,2386086848,2694958620,1816300941,1644947628,1908526104,1529548416,1103369089,1401432718,1621911681,1715552695,1707974772,1499354854,1183687179,1266712375,1887174650,1675067635,1483731064,1099302103,763172458.9,1143211148,1973706851,1317591425,1673717686,4882212333,3901907388,4149493351,5725033414,12373239614,3881952569,6806968115,9139514946,5951601111,4643841027,3549581155,2274965972,2539046544
178,South Sudan,SSD,NaN,NaN,NaN,NaN,NaN,NaN,NaN,NaN,NaN,NaN,NaN,NaN,NaN,NaN,NaN,NaN,NaN,NaN,NaN,NaN,NaN,NaN,NaN,NaN,NaN,NaN,NaN,NaN,NaN,NaN,NaN,NaN,NaN,NaN,NaN,NaN,NaN,NaN,NaN,402003.7505,957760.0841,2706005.947,47679730.58,1063593281,1398508060,456536861.9,407476451.4
179,Spain,ESP,582401.6287,751352.9815,760376.3344,996067.4327,47295721.13,57049798.18,51123753.36,31950517.95,35535889.87,97762249.37,195208516.1,113558841.1,168768041,310118651.1,202887630.4,212044914.2,77114389.6,114716891.4,86830020.26,113152879.8,131724073.8,93165835.97,80085387.88,52567998.34,37126777.15,39431560.16,42774408.56,19523264.4,7045649.64,14999644.97,29653177.73,63075231.6,50451251.87,24701215.94,45527779.77,28437027.89,22985446.23,25729710.26,51689372.55,13740373.23,23961787.23,27173083.93,23345426.59,70379553.99,43795678.58,14011144.36,7084299.801
180,Sri Lanka,LKA,NaN,0,0,0,0,0,0,0,0,0,0,0,0,0,0,0,0,0,0,0,0,0,0,0,0,0,0,0,0,0,0,0,0,0,0,0,0,0,0,0,0,0,0,0,0,0,0
181,St. Kitts and Nevis,KNA,NaN,NaN,NaN,NaN,NaN,NaN,NaN,NaN,NaN,NaN,0,0,0,0,0,0,0,0,0,0,0,0,0,0,0,0,0,0,0,0,0,0,0,0,0,0,0,0,0,0,0,0,0,0,0,0,0
182,St. Lucia,LCA,NaN,NaN,NaN,NaN,NaN,NaN,NaN,NaN,NaN,NaN,0,0,0,0,0,0,0,0,0,0,0,0,0,0,0,0,0,0,0,0,0,0,0,0,0,0,0,0,0,0,0,0,0,0,0,0,0
183,St. Martin (French part),MAF,NaN,NaN,NaN,NaN,NaN,NaN,NaN,NaN,NaN,NaN,NaN,NaN,NaN,NaN,NaN,NaN,NaN,NaN,NaN,NaN,NaN,NaN,NaN,NaN,NaN,NaN,NaN,NaN,NaN,NaN,NaN,NaN,NaN,NaN,NaN,NaN,NaN,NaN,NaN,NaN,NaN,NaN,NaN,NaN,NaN,NaN,NaN
184,St. Vincent and the Grenadines,VCT,NaN,NaN,NaN,NaN,NaN,NaN,NaN,NaN,NaN,NaN,0,0,0,0,0,0,0,0,0,0,0,0,0,0,0,0,0,0,0,0,0,0,0,0,0,0,0,0,0,0,0,0,0,0,0,0,0
185,Sudan,SDN,NaN,0,0,0,0,0,0,0,0,0,0,0,0,0,0,0,0,0,0,0,0,0,0,0,0,0,661081.4331,4083788.348,7167991.637,224514635,1217272820,981345621.7,1128980446,1379332453,2450171715,3785998313,2833864810,5263301488,7080065991,3351370988,5048530350,7672420067,1999705298,1649414322,1385805063,341082388.9,249867681.5
186,Suriname,SUR,NaN,NaN,NaN,NaN,NaN,NaN,NaN,NaN,NaN,NaN,0,0,479580.6289,1485804.114,2195346.076,5008393.131,3224987.579,6971871.075,5087415.677,10057781.8,15674231.25,8724311.898,11113148.77,10637819.36,11641202.23,13617597.46,21066380.34,23705345.58,11325695.62,29019534.25,60685292.4,45762007.83,46951872.5,37133143.33,58372883.37,98340321.19,131240145.8,158298614.9,262241157.4,124916478.6,185433219.6,307798101,299172877.6,278616184.2,245113228.7,80477191.06,82874040
187,Swaziland,SWZ,NaN,NaN,NaN,NaN,NaN,NaN,NaN,NaN,NaN,NaN,709237.5958,982691.9664,1018948.034,392085.6625,383895.1082,572373.8768,457855.5235,316926.0542,403620.2337,481587.7791,472631.3751,354255.4212,257893.8409,91975.16863,358195.0964,486658.8608,322831.871,682123.3611,490888.1312,437019.2464,496989.2171,1196553.946,879556.8465,872621.98,2687241,2176265.005,2264026.354,3323067.406,7364040.267,2352391.395,4109341.159,5574697.601,3597053.649,670696.839,566918.8179,369171.3886,414188.3043
188,Sweden,SWE,0,0,0,17.09552457,40.86329511,14399.01324,73481.63585,28017.22412,30519.20806,82307.39056,2576687.249,529636.2899,904286.1644,1652190.793,921979.7301,552987.1061,109566.8109,178074.6346,99664.15219,157520.5231,220020.0095,72178.88414,38499.41024,17451.0583,162808.455,145782.342,0,0,0,0,0,0,0,0,0,0,0,0,0,0,0,0,0,0,0,0,0
189,Switzerland,CHE,0,0,0,0,0,0,0,0,0,0,0,0,0,0,0,749976.1806,535185.2268,153686.7682,127529.4391,83932.26355,98159.83117,73528.41943,48823.22391,42270.56579,16771.85366,0,0,0,0,0,0,0,0,0,0,0,0,0,246548.2024,216268.9907,213349.3269,539385.7275,919731.2498,1199557.417,1803928.505,1482292.627,0
190,Syrian Arab Republic,SYR,91516.50298,118186.2012,260820.4254,832192.3846,172557634,297134212.7,364090825.4,364221505.1,418519119.7,993416677.6,1237535574,912225699.6,706769391.5,844204277.5,848362609,779443311.6,337248406.9,754856761.8,706195145.2,1443984793,2526488584,1611294239,1798928865,1763098861,1794262388,2154099848,2666912174,2346492171,1339897686,2266803211,3848560939,3343308073,3767708522,4258810922,3633065398,5066912386,5577981930,5985207620,8197358330,4683678012,7187091408,9319675891,3182143605,536307195.3,239771257,103927624.2,75049380.44
191,Tajikistan,TJK,68756.97873,252255.079,354508.1891,389136.8238,6768119.604,6351463.743,7253694.806,6896196.098,6846208.793,16760092.28,21725126.1,18543191.99,17493906.7,38751725.91,47716471.24,34875214.56,44688232.19,36037299.23,37339667.68,43267072.6,17428480.42,9398321.793,4996644.145,2637407.676,1478097.422,599638.8204,709661.3895,707318.4367,123741.2082,346863.7806,781771.9835,960786.0629,459133.0011,643574.7412,561972.7767,798304.7678,953548.9456,946273.9197,1392073.846,634746.8735,838913.8623,1277651.037,2170910.365,942271.547,1025605.42,633944.5796,834087.7572
192,Tanzania,TZA,NaN,0,0,0,0,0,0,0,414.3761815,428.7446147,606.8417148,902.2751344,935.6964883,5789.639086,4625.830277,7789.524251,1603.406193,867.2972499,1103.650912,1432.390376,2010.41066,1967.50035,1784.860984,12960.93125,14202.18772,19446.42001,21977.71896,8626.40325,9984.982599,11460.50319,17582.64672,32285.33933,21058.09533,17914.7775,305450.4294,3992961.528,8405470.568,16510628.15,23332710.24,20878211.38,19900763.11,39745461.15,63689937.75,52374014.68,47380071.64,26977142.78,21781073.07
193,Thailand,THA,NaN,41766.57953,39618.58739,81300.94609,591111.7242,1311475.437,1625593.15,1918758.782,1823304.203,4242466.763,6943935.053,9115599.156,12482599.06,44426051.35,94088617.63,146123820.3,77346892.01,81172882.43,74781440.71,183048517.6,310811871.1,234237231.4,255362916,257022477.3,268834880,267460457.6,365187113.5,379880428.1,167134075.7,304754062.6,880286197.4,719323183.2,750323012.1,1125112047,1583637844,2733699365,3572680071,3987694335,6313809817,3459479952,5019624375,7194947944,7998585268,7234797816,5988613686,2331558491,2399387187
194,Timor-Leste,TLS,NaN,NaN,NaN,NaN,NaN,NaN,NaN,NaN,NaN,NaN,NaN,NaN,NaN,NaN,NaN,NaN,NaN,NaN,NaN,NaN,NaN,NaN,NaN,NaN,NaN,NaN,NaN,NaN,NaN,NaN,NaN,NaN,NaN,0,42253706.73,84507413.47,126761120.2,169014826.9,211268533.7,253522240.4,295775947.1,338029653.9,380283360.6,422537067.3,464790774.1,507044480.8,287547779.8
195,Togo,TGO,NaN,0,0,0,0,0,0,0,0,0,0,0,0,0,0,0,0,0,0,0,0,0,0,0,0,0,0,0,0,0,0,0,0,0,0,0,0,0,0,0,0,0,0,0,0,0,0
196,Tonga,TON,NaN,NaN,NaN,NaN,NaN,NaN,NaN,NaN,NaN,NaN,0,0,0,0,0,0,0,0,0,0,0,0,0,0,0,0,0,0,0,0,0,0,0,0,0,0,0,0,0,0,0,0,0,0,0,0,0
197,Trinidad and Tobago,TTO,0,47842.01021,57956.25775,673917.6716,283615480.2,329316185.3,375446236.4,360830199.5,356568540.4,1118607725,1506326989,1445786280,595125518.4,750614598.8,769447469.3,803175795,266220172.9,432832475.5,301170244,519553545.5,725611827.2,404797908.4,390137682.8,365648537.8,340615467.4,383827191.8,519966487.4,415904019.8,184508456.1,374925646.2,756858196.2,539391865.8,609016288.7,891063252.5,1115263806,2044400435,2804321378,3132589211,4036364917,2042132073,2055675388,3303236968,3663011782,3522139764,3281888666,1465981423,1226740322
198,Tunisia,TUN,43775.71832,44882.60921,83865.82817,293911.9902,57106748.68,72014760.29,57804345.26,90840948.78,124548542.4,447720686.8,563397798.3,377859603.2,282803304.5,331414450.5,399927527.1,387758645.7,160792706.4,226264947.8,170283765.1,262979030.9,325701605.4,401841303.4,435326506.6,350832207,297388353.1,314456741,408425458.2,334746419.2,200385834.9,334630942.8,514530185.2,358552595.8,386033542.4,368753541.5,523828036.5,879710652.5,987047109.1,1607447726,1998076313,1190093079,1528623017,1927272314,1925899187,1633443295,1281945034,560385656,549114853
199,Turkey,TUR,1948090.883,2780292.308,2974693.714,4092097.165,97676904.74,101052816.3,106518573.3,119634317.8,127347537.6,330047409.8,333173715.8,305487712.6,216730728.9,188501201.3,147452621.8,163865509.6,86295861.53,119966435.1,87109299.37,158977963.6,294618995.9,162761388.5,171786160.9,141272004,121954522,127601678.8,173011133,159766371.3,40189503.23,120537338.3,254904373.2,184400385.5,176384742.4,209085406.5,305604405.8,441481854,520261536,556394960.7,967770520.4,495216973.5,743660655.3,1070009999,895500097.4,808938116.9,720445860.8,304888453.7,350539620.7
200,Turkmenistan,TKM,6214870.048,12264572.9,19911861.57,39579669.42,525594698.4,619029502.9,746682655.6,764369838.6,844892247.2,1881418512,1452328447,897077874.5,345847170.7,1082810617,1814754738,1819454343,2448959816,1643644020,1889220035,1984455056,1631764990,1279074924,926384857.8,1038608866,421406541.6,343840627.5,498188738.4,325081986.9,77543189.19,332489805.4,1177616909,1529727415,1584512619,2029294495,2358426021,3338402058,4059261097,4532370512,4419432272,1994790182,2542435114,4498794941,5149797469,4964457720,4697677374,2190198804,2179302153
201,Turks and Caicos Islands,TCA,NaN,NaN,NaN,NaN,NaN,NaN,NaN,NaN,NaN,NaN,0,0,0,0,0,0,0,0,0,0,0,0,0,0,0,0,0,0,0,0,0,0,0,0,0,0,0,0,0,0,0,0,0,0,0,0,0
202,Tuvalu,TUV,NaN,NaN,NaN,NaN,NaN,NaN,NaN,NaN,NaN,NaN,NaN,NaN,NaN,NaN,NaN,NaN,NaN,NaN,NaN,NaN,NaN,NaN,NaN,NaN,NaN,NaN,NaN,NaN,NaN,NaN,NaN,NaN,NaN,NaN,NaN,NaN,NaN,NaN,NaN,NaN,NaN,NaN,NaN,NaN,NaN,NaN,NaN
203,Uganda,UGA,NaN,NaN,NaN,NaN,NaN,NaN,NaN,NaN,NaN,NaN,0,0,0,0,0,0,0,0,0,0,0,0,0,0,0,0,0,0,0,0,0,0,0,0,0,0,0,0,0,0,0,0,0,0,0,0,0
204,Ukraine,UKR,20953198.3,33333188.78,58072404.72,83995562.36,589995954,866259191.1,900572537.5,887336751,981577888.8,1849526824,2671760321,1924061918,1034787280,1813854442,1849427475,1758299800,1080945869,832934206.3,669937157.8,760851685.5,924474705.4,624161872.5,425124070.5,365806341.5,298539442.5,299301038.7,376523041,330426173.6,130743894.5,181888721.8,467264228.9,616427254.1,531563115.6,644660904.6,719521973.6,1073388065,1470090440,1469093120,2177800750,1509251271,1079864688,1748010961,1983862283,1745767966,1575556143,827122974.2,779882371.6
205,United Arab Emirates,ARE,516962.7764,852826.4667,1974926.01,10138864.83,1926904433,1898612364,2683249169,3149393278,2771693988,7773328338,8559683001,5155490164,2959932450,2669041290,2623452350,2761663937,1415748208,2768841902,858232362.7,1844735125,3331433266,2406896344,2300149086,1940099959,1795423923,2092813363,2846228746,2608433944,1517203965,2193826436,4697885851,3372256912,3068746498,4587329403,6857477009,10762337062,13913135649,14610782532,21039645531,10058937333,13770982179,24598065034,27273603756,26360140408,24984431836,13224975541,15457295268
206,United Kingdom,GBR,65163990.05,87529941.86,79781982.61,104399377.1,298302399.6,1176499148,1361139958,2177768184,2663845834,8386036252,11480589346,12285996079,10621869252,11984930581,12326916155,12701784337,5624615228,7676038352,5725877593,7010361072,10224657720,5649988920,5275984271,5537387971,6329676811,7207442346,9940225378,7990500496,2321030156,6798305794,15572454885,13585242318,12850788328,14043582662,16005764240,20525250304,23100918451,23903613679,32282107833,17783273546,19197352969,24311946685,21380713579,17745425335,15859925923,8531238492,9120404943
207,United States,USA,105096957.6,4273422775,5129226918,7187832379,35314493884,32816145270,35457621126,40284044677,42042712803,96505056219,1.19E+11,92115453134,52818824471,68515023642,71940756890,69945673240,29548764986,45590664184,35090091580,42372693192,52042992799,39207652774,42721561225,42934581949,36698352382,33791582610,50145450024,40698263838,24894275022,37202880372,76333775003,69177396770,47713404140,64580954072,1.01E+11,1.08E+11,1.01E+11,95451218880,1.50E+11,46929831733,48075289549,58060052330,44898031721,54195315089,63405381936,9606739706,9747459480
208,Uruguay,URY,NaN,0,0,0,0,0,0,0,0,0,0,0,0,0,0,0,0,0,0,0,0,0,0,0,0,0,0,0,0,0,0,0,0,0,0,0,0,0,0,0,0,0,0,0,0,0,0
209,Uzbekistan,UZB,472682.8431,928665.3039,1459197.82,4021793.217,28937830.93,50060951.68,87465482.85,109874266.7,230891469.5,610140607.5,1336230196,896161645.5,386069217.5,1100831909,1333786297,786702028.4,759629609,525403671,524322490.8,586555361.9,817364864.2,727199728.3,603659796.9,687196399.6,707898407.2,836851286.9,1009975750,970246503.5,448542055,531164340.1,1397764840,2067762637,1627855356,1880783147,1873735008,2474410161,3581507323,3744832171,5367507271,4130708806,2274906020,4496134852,6357087280,5926182898,5633026326,3415903375,3088275273
210,Vanuatu,VUT,NaN,NaN,NaN,NaN,NaN,NaN,NaN,NaN,NaN,NaN,0,0,0,0,0,0,0,0,0,0,0,0,0,0,0,0,0,0,0,0,0,0,0,0,0,0,0,0,0,0,0,0,0,0,0,0,0
211,"Venezuela, RB",VEN,359872.2062,1521684.389,1493486.498,14619538.19,4531467449,3267632143,3622456436,3022415736,2786601679,10326459385,11943084825,9221643046,4050664252,5149017581,4675011993,2386204497,930050794.3,1614429044,1294709098,2177320855,3962801836,2318950271,2604399610,2647033197,2507971507,3107715794,4425784036,4424666212,1807340511,3168693526,7549105448,5037035613,4197499684,4533364038,7382750094,10874281648,11097109626,9666952850,8047575490,2519523046,3047242009,4842219639,4691763480,4363073098,3580435703,1177371801,1219141874
212,Vietnam,VNM,NaN,58124.42204,47785.18211,126810.3589,3321856.7,16190736.04,17630454.26,19934514.4,15423131.38,13498359.61,22805609.82,48345864.81,53788941.77,26731424.59,14283200.36,19970858.3,10176390.41,375260.8726,43966785.9,131119869.2,319643977,272740004,403380280.4,407251810.6,415099922,482460022.6,680438214.8,646824727.3,378475898.8,849062734.8,1833035154,1336925030,1233281131,1413378997,2703186614,3690928112,3738053826,3627059230,4435465916,2305942126,3497084064,5464110893,5443000322,4785731812,3644943236,1423656797,1360651150
213,Virgin Islands (U.S.),VIR,NaN,NaN,NaN,NaN,NaN,NaN,NaN,NaN,NaN,NaN,0,0,0,0,0,0,0,0,0,0,0,0,0,0,0,0,0,0,0,0,0,0,0,0,0,0,0,0,0,0,0,0,0,0,0,0,0
214,West Bank and Gaza,PSE,NaN,NaN,NaN,NaN,NaN,NaN,NaN,NaN,NaN,NaN,NaN,NaN,NaN,NaN,NaN,NaN,NaN,NaN,NaN,NaN,NaN,NaN,NaN,NaN,NaN,NaN,NaN,0,0,0,0,0,0,0,0,0,0,0,0,0,0,0,0,0,0,0,0
215,"Yemen, Rep.",YEM,0,0,0,0,0,0,0,0,0,0,0,0,0,0,0,0,2943111.998,14526142.94,324669199.6,597894849.7,883938407.1,571576352.8,487399476.7,599533604.1,977967823.6,1121218607,1475129350,1411500545,812182004.8,1487600084,2874235122,2320845377,2269621906,2651523387,3219455475,4817803112,5193656302,4713074935,5442167485,2870834373,3842491610,3845768522,2710428276,3333287568,2346020881,83683077.14,13763804.96
216,Zambia,ZMB,NaN,262534.7583,348363.5611,422191.1901,632876.7202,1237057.937,1186959.314,1112267.806,1031356.098,849596.3367,1271673.058,1685108.577,2084648.376,966345.7307,874133.9768,975586.4567,813481.7813,492099.4657,708707.3658,660797.3335,643657.4404,573036.5588,624656.2521,354800.3544,184275.5971,247224.9922,181444.1278,89479.59374,158256.5582,106176.7469,160375.6458,311953.4562,210695.6862,269436.5042,405345.9738,400908.4382,180632.9928,54731.48539,8463.537537,2677.507064,4641.132438,6295.711774,491462.5676,476606.4621,377009.6937,244198.8808,344926.6641
217,Zimbabwe,ZWE,NaN,3943816.945,3641033.802,4892757.848,8623544.033,15526934.49,20214885.41,18453660.47,17406521.75,17544347.84,22275213.66,28147058.32,30758117.31,20303823.68,16848178.22,20937193.84,19047344.77,18613064.3,22202687.52,27137047.31,32483933.56,35627060.18,31643377.33,21097908.48,19668052.11,26074842.47,22204899.31,16986661.18,13699180.08,11324855.13,14206084.38,24544308.26,16521954.22,15350803.17,35618424.44,38242489.19,39723705.74,45107196.61,78234522.62,30935976.9,50789324.68,72356131.09,45642479.38,35933209.95,49174034.37,24918564.04,18584493.01