,Country Name,Country Code,2000,2001,2002,2003,2004,2005,2006,2007,2008,2009,2010,2011,2012,2013,2014,2015,2016,2017
0,World,WLD,80.01612111,80.34427528,81.10930341,81.72413151,82.32365179,83.74470316,84.2933469,84.82780931,85.34864887,85.85004886,86.34352428,86.7418325,87.19449782,87.61650886,88.04544516,88.46361566,88.46361566,88.46361566
1,Afghanistan,AFG,27.06985916,27.16058642,29.68308518,32.20951962,34.73993262,37.27590709,39.81787016,42.36563296,44.91963216,47.47966935,50.04619073,52.61932497,55.19920073,57.78594666,60.37934056,62.98020808,62.98020808,62.98020808
2,Albania,ALB,87.58479499,87.65395136,87.72387952,87.7887929,87.84864255,87.9028779,87.95172798,87.99504018,88.03267279,88.06392235,88.08949233,88.10882098,88.23500804,89.84174957,91.36792313,91.39433316,91.39433316,91.39433316
3,Algeria,DZA,89.8372564,90.11459826,90.38716942,90.65480185,90.91754503,91.17525841,91.42819244,91.67621757,91.91957325,92.15679683,92.38832993,92.61434563,92.83494129,93.05037126,93.26080864,93.46642653,93.46642653,93.46642653
4,American Samoa,ASM,98.5,98.56097,98.62194,98.68291,98.74388,98.80485,98.86582,98.92679,98.98776,99.04873,99.1097,99.17067,99.23164,99.23164,99.23164,99.23164,99.23164,99.23164
5,Andorra,AND,100,100,100,100,100,100,100,100,100,100,100,100,100,100,100,100,100,100
6,Angola,AGO,37.76852024,38.07129638,38.37868168,38.59190992,38.80548145,39.01677494,39.22786505,39.43784401,39.64665694,39.85259547,40.05768983,40.26065289,40.45779572,40.64753807,40.83034296,41.00586762,41.00586762,41.00586762
7,Antigua and Barbuda,ATG,98.25376517,98.1372591,98.02075303,97.90424697,97.7877409,97.67123483,97.55472876,97.43822269,97.32171662,97.20521055,97.08870448,96.97219841,96.85569235,96.73918628,96.73918628,96.73918628,96.73918628,96.73918628
8,Argentina,ARG,99.01157595,99.0608209,99.10885498,99.15554035,99.20072729,99.24435417,99.28649895,99.32719197,99.36649133,99.40436848,99.44090538,99.47609017,99.50995527,99.50794272,99.63200261,99.62730019,99.62730019,99.62730019
9,Armenia,ARM,95.87336222,96.02985244,96.20384729,96.38417656,96.56483986,96.7458372,96.92710692,97.10877739,97.28629844,97.46094456,97.6376547,97.7658534,97.7174441,97.67005118,98.46097011,98.92365243,98.92365243,98.92365243
10,Aruba,ABW,94.48880636,94.77049111,95.05217586,95.33386061,95.61554536,95.89723012,96.17891487,96.46059962,96.74228437,97.02396912,97.30565388,97.58733863,97.86902338,97.86902338,97.86902338,97.86902338,97.86902338,97.86902338
11,Australia,AUS,99.73510092,99.73675877,99.73802745,99.75804467,99.77784115,99.7974,99.8167375,99.8358516,99.85475008,99.87343233,99.89190265,99.91016667,99.92822592,99.9460847,99.95981995,99.96870195,99.96870195,99.96870195
12,Austria,AUT,100,100,100,100,100,100,100,100,100,100,100,100,100,100,100,100,100,100
13,Azerbaijan,AZE,76.43698111,76.98462661,77.52885926,78.07034353,78.60874335,79.14375334,79.67569422,80.20485603,80.73065103,81.25337692,81.77597093,82.29817987,82.81975052,83.3404297,83.85996419,84.37787214,84.37787214,84.37787214
14,"Bahamas, The",BHS,98.38362672,98.33430364,98.28498056,98.23565748,98.18633439,98.13701131,98.08768823,98.03836515,97.98904206,97.93971898,97.8903959,97.84107282,97.79174973,97.79174973,97.79174973,97.79174973,97.79174973,97.79174973
15,Bahrain,BHR,99.89794432,99.90803774,99.91813116,99.92822458,99.938318,99.94841141,99.95850483,99.96859825,99.97869167,99.98878509,99.99887851,100,100,100,100,100,100,100
16,Bangladesh,BGD,94.64647274,94.8376997,95.03263929,95.22529768,95.41556015,95.60328875,95.78850947,95.97111381,96.15100161,96.32808103,96.50233194,96.67364136,96.84181108,97.00676903,97.16855332,97.32714248,97.32714248,97.32714248
17,Barbados,BRB,98.54368365,98.51421824,98.48475282,98.4552874,98.42582199,98.39635657,98.36689116,98.33742574,98.30796033,98.27849491,98.24902949,98.21956408,98.19009866,98.16063325,98.13116783,98.13116783,98.13116783,98.13116783
18,Belarus,BLR,97.9032296,97.89838297,97.89357631,97.88881961,97.89738406,97.90615878,97.91514122,97.92432878,97.93370977,97.943309,97.95308772,97.96312196,97.97338863,97.98389087,97.99461491,98.0055556,98.0055556,98.0055556
19,Belgium,BEL,100,100,100,100,100,100,100,100,100,100,100,100,100,100,100,100,100,100
20,Belize,BLZ,87.57212206,88.20157451,88.83223567,89.46397836,90.09686724,90.73101467,91.36624575,92.00261878,92.64013375,93.27883841,93.91868079,94.56070493,95.20471719,95.85061092,96.49823385,97.12880364,97.12880364,97.12880364
21,Benin,BEN,60.06423832,60.54256435,61.01786428,61.49176188,61.96433885,62.43520342,62.90420609,63.37119735,63.83623672,64.29875109,64.7590035,65.2166354,65.67149728,66.1232583,66.57196136,67.0172867,67.0172867,67.0172867
22,Bermuda,BMU,99.99414291,99.98655933,99.97897576,99.97139218,99.96380861,99.95622504,99.94864146,99.94105789,99.93347431,99.92589074,99.91830717,99.91072359,99.90314002,99.90314002,99.90314002,99.90314002,99.90314002,99.90314002
23,Bhutan,BTN,80.96643014,82.39172138,83.78782673,85.15339336,86.48721556,87.78186534,88.99610575,90.18727322,91.35488459,92.49825692,93.61715299,94.71113796,95.77944789,96.82251111,97.55925857,97.55866085,97.55866085,97.55866085
24,Bolivia,BOL,78.81528616,79.85743208,80.88525947,81.89729588,82.89375936,83.87451798,84.84050421,85.79125072,86.72701915,87.64836294,88.55522287,89.44786056,90.32678585,91.19174946,92.04327575,92.88162636,92.88162636,92.88162636
25,Bosnia and Herzegovina,BIH,96.39817433,96.28692324,96.37836276,96.49098066,96.60365886,96.71640565,96.82922102,96.94210499,97.05502431,97.16787435,97.28055222,97.39294863,97.5049558,97.5619918,97.66172958,97.66018613,97.66018613,97.66018613
26,Botswana,BWA,76.86522882,77.23926613,77.41363851,77.55812906,77.70271293,77.84627138,77.98992314,78.1332953,78.27638787,78.41883092,78.56062627,78.70251314,78.8441216,78.98802426,79.0795347,79.17398525,79.17398525,79.17398525
27,Brazil,BRA,93.7065826,93.99435746,94.26893347,94.5376082,94.80026463,95.05701817,95.30817826,95.55383726,95.79408751,96.02867952,96.25807825,96.48253159,96.70107398,96.91421657,97.23310213,97.49794257,97.49794257,97.49794257
28,British Virgin Islands,VGB,95.30273973,95.68287671,96.0630137,96.44315068,96.82328767,97.20342466,97.58356164,97.96369863,98.34383562,98.7239726,99.10410959,99.48424658,99.86438356,99.86438356,99.86438356,99.86438356,99.86438356,99.86438356
29,Brunei Darussalam,BRN,NaN,NaN,NaN,NaN,NaN,NaN,NaN,99.49607,99.498476,99.500804,99.50306,99.505232,99.507338,99.509366,99.511322,99.513212,99.513212,99.513212
30,Bulgaria,BGR,99.74089367,99.74177477,99.74301204,99.74423988,99.70953455,99.66277089,99.61626296,99.57001238,99.52401686,99.47826823,99.43276927,99.38751106,99.34249012,99.29769561,99.25313069,99.25563508,99.25563508,99.25563508
31,Burkina Faso,BFA,46.70862706,46.94466496,47.39456838,47.85309036,48.32133413,48.79800907,49.28422214,49.78005544,50.28002558,50.78380587,51.29036398,51.80005894,52.31219633,52.82607173,53.34132614,53.85759552,53.85759552,53.85759552
32,Burundi,BDI,52.44397848,52.664314,52.88787196,53.11436863,53.34384686,53.57634952,53.81226319,54.05129271,54.29417984,54.53992767,54.78963596,55.0430067,55.30009132,55.56094126,55.82560792,55.93411981,55.93411981,55.93411981
33,Cabo Verde,CPV,77.90355339,78.11246097,78.31817763,78.52027751,79.20139189,79.89295008,80.59532292,81.30793839,82.03120757,82.76396632,83.50679627,84.25545198,85.0094104,85.62081831,85.83201712,86.45935273,86.45935273,86.45935273
34,Cambodia,KHM,52.40165587,53.90122597,55.40056397,56.89966986,58.39881623,59.89800011,61.39694792,62.89592927,64.39467256,65.89665691,67.40131038,68.90913151,70.42008162,71.93385838,73.45068872,74.97079565,74.97079565,74.97079565
35,Cameroon,CMR,55.30392043,55.99683598,56.68710293,57.37426463,58.05874815,58.73923679,59.41659947,60.08869199,60.75639806,61.41847198,62.07579452,62.72756183,63.37381828,64.01460826,64.65038249,65.27996628,65.27996628,65.27996628
36,Canada,CAN,99.9,99.9,99.9,99.9,99.9,99.9,99.8,99.7,99.6,99.5,99.4,99.3,99.2,99.1,99,98.9,98.9,98.9
37,Cayman Islands,CYM,NaN,96.125,96.125,96.125,96.125,96.125,96.125,96.125,96.125,96.125,96.125,96.125,96.125,96.125,96.125,96.125,96.125,96.125
38,Central African Republic,CAF,52.09021152,52.22333695,52.35651166,52.48937927,52.62193976,52.7604396,52.90443251,53.05416627,53.20919835,53.36977278,53.53578845,53.70714422,53.88373899,53.96454689,54.05103138,54.14386029,54.14386029,54.14386029
39,Chad,TCD,39.0033695,39.227027,39.45048189,39.67456952,39.89887386,40.1233949,40.34813265,40.57352284,40.79869728,41.02408844,41.25682563,41.49706648,41.74496859,42.00114498,42.26530441,42.53760447,42.53760447,42.53760447
40,Channel Islands,CHI,NaN,NaN,NaN,NaN,NaN,NaN,NaN,NaN,NaN,94.15,94.15,94.15,94.15,94.15,94.15,94.15,94.15,94.15
41,Chile,CHL,95.2637444,95.69418871,96.11196509,96.51613677,96.90773222,97.28728862,97.65519696,98.01218036,98.35888238,98.69569402,99.02315243,99.3418882,99.65229232,99.92838032,100,100,100,100
42,China,CHN,77.50070014,77.8952594,79.58473802,81.21650801,82.78871482,84.29854342,85.73662105,87.1083219,88.41852568,89.66551127,90.84965463,91.97024884,93.02516091,94.0163445,94.94642359,95.81802862,95.81802862,95.81802862
43,Colombia,COL,90.04349355,90.52485071,91.00015892,91.4694726,91.93308531,92.39056419,92.84221187,93.28808277,93.72823134,94.16271201,94.59157922,95.01488741,95.43252449,95.84472958,96.23099207,96.52202969,96.52202969,96.52202969
44,Comoros,COM,86.39734945,86.20263245,86.00705844,85.81060492,85.61330717,85.41574036,85.21821004,85.02118974,84.82501729,84.63007249,84.43682583,84.24548548,84.05673254,83.87064552,83.68783431,83.70118759,83.70118759,83.70118759
45,"Congo, Dem. Rep.",COD,34.37135654,34.8676151,35.36378014,35.85983607,36.35576726,36.85205936,37.34919104,37.84663853,38.34537308,38.84388058,39.34263799,39.84211533,40.34130839,40.84020157,41.33926488,41.83799362,41.83799362,41.83799362
46,"Congo, Rep.",COG,56.84796709,57.1433528,57.5011168,57.85855982,58.80955794,59.74652924,60.66955772,61.57931423,62.47412227,63.35470868,64.22119948,65.07318984,65.91084777,66.73484414,67.54432728,68.34045687,68.34045687,68.34045687
47,Costa Rica,CRI,93.86576939,94.4226437,94.95523874,95.46350667,95.94790005,96.40837228,96.84575121,97.26043199,97.65287678,98.02351544,98.3732423,98.70255427,99.01146906,99.30144497,99.56335665,99.69781668,99.69781668,99.69781668
48,Cote d'Ivoire,CIV,71.86248535,71.90967899,71.96006321,72.0129835,72.06844836,72.12545052,72.18534576,72.28194788,72.38140626,72.48235239,72.58235804,72.68138494,72.77834932,72.87355011,72.96658919,73.05741557,73.05741557,73.05741557
49,Croatia,HRV,98.50969711,98.51432778,98.61989933,98.72516,98.80815878,98.89049756,98.97210133,99.05284778,99.13264089,99.21139767,99.28899344,99.36535556,99.44037,99.51394878,99.58600356,99.58590089,99.58590089,99.58590089
50,Cuba,CUB,93.03019003,93.2022035,93.37097073,93.52668358,93.67063252,93.81325566,93.95470219,94.0949721,94.2340654,94.37187085,94.50851235,94.64398988,94.77830344,94.91136713,95.04383669,95.17550602,95.17550602,95.17550602
51,Curacao,CUW,NaN,NaN,NaN,NaN,NaN,NaN,NaN,99.37274522,99.37274522,99.37274522,99.37274522,99.37274522,99.37274522,99.37274522,99.37274522,99.37274522,99.37274522,99.37274522
52,Cyprus,CYP,100,100,100,100,100,100,100,100,100,100,100,100,100,100,100,100,100,100
53,Czech Republic,CZE,99.80612464,99.80582696,99.8113931,99.816976,99.82257834,99.82820011,99.83384132,99.83950014,99.84518037,99.85087849,99.85659774,99.86233515,99.86809229,99.87388402,99.87970315,99.87968019,99.87968019,99.87968019
54,Denmark,DNK,100,100,100,100,100,100,100,100,100,100,100,100,100,100,100,100,100,100
55,Djibouti,DJI,74.84371103,74.98980031,75.13573869,75.28152617,75.42716274,75.57235068,75.71768709,75.86287259,76.00790719,76.15249973,76.2989713,76.44671171,76.59626884,76.74703903,76.89956361,76.92248362,76.92248362,76.92248362
56,Dominica,DMA,93.475,93.75,94.025,94.3,94.575,94.85,95.125,95.4,95.675,95.95,96.225,96.5,96.5,96.5,96.5,96.5,96.5,96.5
57,Dominican Republic,DOM,91.0932912,91.3096803,91.52021044,91.79019787,92.07651164,92.34971627,92.61037592,92.85847976,93.09431071,93.31723347,93.52810914,93.72712407,93.9105812,94.07911245,94.23369611,94.4770736,94.4770736,94.4770736
58,Ecuador,ECU,83.09870988,83.7825262,84.43318272,85.06160375,85.69020225,86.31879118,86.94736921,87.57631083,88.20524065,88.83415732,89.46324876,90.09251497,90.72347725,91.35595573,91.99015087,92.60993222,92.60993222,92.60993222
59,"Egypt, Arab Rep.",EGY,98.23513692,98.24381157,98.2524679,98.2611059,98.26972558,98.27832694,98.28690998,98.29472989,98.30209862,98.3094931,98.31687757,98.32428738,98.33206533,98.34019888,98.34867548,98.35749916,98.35749916,98.35749916
60,El Salvador,SLV,80.2359009,80.42878337,81.46076501,82.4750407,83.47235495,84.45159937,85.41382224,86.35885684,87.28586886,88.19495043,89.08646699,89.96058682,90.81808488,91.65894753,92.48373736,93.01307096,93.01307096,93.01307096
61,Equatorial Guinea,GNQ,48.90513913,48.91536068,48.92535699,48.93917372,48.95698376,48.98011586,49.00901311,49.04440755,49.08741406,49.1380178,49.19773524,49.26735476,49.34674888,49.4375467,49.51047902,49.59008488,49.59008488,49.59008488
62,Eritrea,ERI,16.82808588,16.92229516,17.02381244,17.13324653,17.25120649,17.37769472,17.51210675,17.65565876,17.80774632,17.96958603,18.13996637,18.32010416,18.51000218,18.7608003,19.02070731,19.29033047,19.29033047,19.29033047
63,Estonia,EST,99.13608752,99.16842482,99.20105155,99.23394534,99.26713085,99.30060808,99.33435811,99.36840216,99.40274023,99.43737232,99.47228409,99.50749219,99.54298456,99.57894973,99.61532283,99.61450486,99.61450486,99.61450486
64,Ethiopia,ETH,16.73468588,18.19648506,19.65649708,21.11275497,22.565823,24.01563261,25.46269096,26.9153592,28.4609221,30.00073112,31.53617062,33.06589499,34.5906786,36.10823014,37.6198311,39.12426158,39.12426158,39.12426158
65,Faroe Islands,FRO,100,100,100,100,100,100,100,100,100,100,100,100,100,100,100,100,100,100
66,Fiji,FJI,94.6031105,94.635435,94.6677595,94.59180155,94.51642425,94.44137644,94.36690928,94.29293905,94.21955201,94.14622873,94.0733098,94.00070519,93.92823352,93.85606604,93.78419896,93.71244712,93.71244712,93.71244712
67,Finland,FIN,100,100,100,100,100,100,100,100,100,100,100,100,100,100,100,100,100,100
68,France,FRA,99.89470982,99.904508,99.91410909,99.92352291,99.93275055,99.94178545,99.95064073,99.95931091,99.96780218,99.97611564,99.98425091,99.99221236,100,100,100,100,100,100
69,French Polynesia,PYF,100,100,100,100,100,100,100,100,100,100,100,100,100,100,100,100,100,100
70,Gabon,GAB,78.71260483,79.55073565,80.33995371,81.08400627,81.78598666,82.45028388,83.07872599,83.67446504,84.24005588,84.77793998,85.29084429,85.77978705,86.24769565,86.69620178,87.1265383,87.54092199,87.54092199,87.54092199
71,"Gambia, The",GMB,73.84811696,74.28117848,74.71522737,75.15026496,75.58179705,76.00940302,76.43324774,76.8529075,77.26874395,77.680134,78.08743971,78.49043111,78.88907542,79.28333986,79.67319165,80.05859802,80.05859802,80.05859802
72,Georgia,GEO,88.55739068,88.81970281,89.1085656,89.42689708,89.74461662,90.06172422,90.37758992,90.69212364,91.00613878,91.326448,91.65230453,91.97677832,92.29960107,92.6210307,92.94232768,93.26352694,93.26352694,93.26352694
73,Germany,DEU,100,100,100,100,100,100,100,100,100,100,100,100,100,100,100,100,100,100
74,Ghana,GHA,64.36040775,65.30565744,66.24436642,67.17650296,68.10231174,69.02066046,69.93236261,70.83712586,71.73493433,72.62502216,73.5083999,74.38431758,75.25162054,76.10971763,76.95875177,77.79930236,77.79930236,77.79930236
75,Gibraltar,GIB,99.61827037,99.61827037,99.61827037,99.61827037,99.61827037,99.61827037,99.61827037,99.61827037,99.61827037,99.61827037,99.61827037,99.61827037,99.61827037,99.61827037,99.61827037,99.61827037,99.61827037,99.61827037
76,Greece,GRC,99.3828771,99.43763159,99.49474473,99.55060485,99.60525492,99.65867194,99.71088813,99.76192961,99.8118102,99.86053449,99.90812861,99.9546125,100,100,100,100,100,100
77,Greenland,GRL,100,100,100,100,100,100,100,100,100,100,100,100,100,100,100,100,100,100
78,Grenada,GRD,93.30763781,93.53995278,93.77226775,94.00458272,94.23689769,94.46921266,94.70152763,94.9338426,95.16615757,95.39847254,95.63078751,95.86310247,95.97138889,95.62865044,95.62865044,95.62865044,95.62865044,95.62865044
79,Guam,GUM,99.4,99.4246,99.4492,99.4738,99.4984,99.523,99.5476,99.5722,99.5968,99.6214,99.646,99.6706,99.6952,99.6952,99.6952,99.6952,99.6952,99.6952
80,Guatemala,GTM,85.46690992,86.03990425,86.60819526,87.1720834,87.73196709,88.2876206,88.83910707,89.3863394,89.92910929,90.46746246,91.00120222,91.53015514,92.05446487,92.57376785,93.0882883,93.59769747,93.59769747,93.59769747
81,Guinea,GIN,54.49865614,55.34060772,56.1846651,57.03148559,57.88066945,58.73251646,59.58662999,60.44330668,61.30181113,62.16312225,63.0261674,63.8915789,64.7589695,65.62829234,66.49950057,67.37254732,67.37254732,67.37254732
82,Guinea-Bissau,GNB,52.78843045,53.88834875,54.98923527,56.0910664,57.19349584,58.29521602,59.39782178,60.50033026,61.60272669,62.70404296,63.80522357,64.89867409,65.98508026,67.0635507,68.13414444,69.19660863,69.19660863,69.19660863
83,Guyana,GUY,88.26870728,88.69372029,89.11894116,89.54444122,89.97112861,90.39909162,90.82813802,91.25835138,91.6895442,92.12179533,92.55498501,92.98899826,93.42390681,93.91822048,94.67870877,95.07132299,95.07132299,95.07132299
84,Haiti,HTI,56.42140552,57.03183783,57.64831114,58.26752649,58.88928529,59.4880083,60.06480286,60.61693013,61.14214509,61.63952384,62.10817303,62.54722983,62.95627435,63.33449726,63.6819343,64.17431898,64.17431898,64.17431898
85,Honduras,HND,82.2058632,82.90102291,83.61767285,84.32852726,85.03143056,85.72571659,86.41180982,87.08949473,87.75801412,88.41708104,89.06681337,89.707329,90.33874578,90.96102503,91.57430427,92.17872102,92.17872102,92.17872102
86,"Hong Kong SAR, China",HKG,98.67125,98.76964286,98.86803571,98.96642857,99.06482143,99.16321429,99.26160714,99.36,99.45839286,99.55678571,99.65517857,99.75357143,99.85196429,99.95035714,100,100,100,100
87,Hungary,HUN,99.96309896,99.96319792,99.96508202,99.96549245,99.96590183,99.96636213,99.96687335,99.9673805,99.96788459,99.9683826,99.96887754,99.96936842,99.96985423,99.97032998,99.97079667,99.97125227,99.97125227,99.97125227
88,Iceland,ISL,100,100,100,100,100,100,100,100,100,100,100,100,100,100,100,100,100,100
89,India,IND,80.41490389,80.9047343,81.40321398,81.89819772,82.38979322,82.87767452,83.36195516,83.8427254,84.3199329,84.79329821,85.26291161,85.72884011,86.19160786,86.65096755,87.106864,87.55914016,87.55914016,87.55914016
90,Indonesia,IDN,74.56655528,75.62742507,76.6800557,77.72415256,78.76009937,79.78674603,80.80471215,81.81354355,82.81361221,83.80392069,84.78541945,85.75539803,86.71406778,87.66164008,88.59816674,89.52403041,89.52403041,89.52403041
91,"Iran, Islamic Rep.",IRN,94.99207424,95.05557653,95.11854668,95.18098469,95.24280186,95.224915,95.20451612,95.17757041,95.14638512,95.11305309,95.07768286,95.04021883,95.00084499,94.95858307,94.91365543,94.86619973,94.86619973,94.86619973
92,Iraq,IRQ,81.35497895,80.98410154,80.37082876,79.74598165,79.10954171,78.8863803,79.61268831,80.33765024,81.0610032,81.78254391,82.50269384,83.22296973,83.94340043,84.66297384,85.38150062,86.09833055,86.09833055,86.09833055
93,Ireland,IRL,96.08131887,96.28271536,96.4843146,96.68599399,96.88793601,97.09016214,97.29265709,97.49543222,97.69847422,97.9017925,98.10537568,98.30922377,98.51332379,98.71767609,98.92229401,98.92163909,98.92163909,98.92163909
94,Isle of Man,IMN,NaN,NaN,NaN,NaN,NaN,NaN,NaN,NaN,NaN,NaN,NaN,96.2599681,96.2599681,96.2599681,96.2599681,96.2599681,96.2599681,96.2599681
95,Israel,ISR,100,100,100,100,100,100,100,100,100,100,100,100,100,100,100,100,100,100
96,Italy,ITA,100,100,100,100,100,100,100,100,100,100,100,100,100,100,100,100,100,100
97,Jamaica,JAM,90.77144599,90.93378775,91.09041417,91.24484842,91.39871181,91.55155873,91.70372019,91.8549819,92.0055539,92.15523041,92.30411539,92.45230426,92.60063048,92.74921257,92.89788489,92.91854636,92.91854636,92.91854636
98,Japan,JPN,98.47611465,98.47611465,98.47611465,98.47611465,98.47611465,98.51878981,98.56146497,98.60414013,98.64681529,98.68949045,98.73216561,98.77484076,98.81751592,98.86019108,98.90286624,98.9455414,98.9455414,98.9455414
99,Jordan,JOR,99.58848969,99.51816339,99.44818952,99.37855206,99.30924496,99.24026219,99.17159767,99.10324538,99.03521459,98.96746925,98.90001798,98.83287209,98.76597344,98.69931196,98.63287754,98.56668018,98.56668018,98.56668018
100,Kazakhstan,KAZ,86.1790875,86.51782402,86.85791102,87.19898864,87.54106559,87.88449012,88.22891978,88.5746912,88.92147356,89.26943373,89.62276374,89.9809239,90.34414501,90.66001982,90.90053579,91.14559003,91.14559003,91.14559003
101,Kenya,KEN,46.3881339,47.24220701,48.09002877,48.93141003,49.76616164,50.59317019,51.41322123,52.22612562,53.03169422,53.82891448,54.61847109,55.40133434,56.17682773,56.94468646,57.70464571,58.45677672,58.45677672,58.45677672
102,Kiribati,KIR,60.79332286,61.19660878,61.45870234,61.72166079,61.98518428,62.24891643,62.51355585,62.78337581,63.05888482,63.34100429,63.62985812,63.92639598,64.23025825,64.27897039,64.33269033,64.39232856,64.39232856,64.39232856
103,"Korea, Dem. Peopleâ€™s Rep.",PRK,99.97039079,99.93839085,99.90645354,99.87457743,99.84276497,99.81101292,99.77932532,99.74769733,99.71613118,99.68462686,99.653243,99.62199624,99.6225463,99.62315595,99.62382519,99.6245586,99.6245586,99.6245586
104,"Korea, Rep.",KOR,NaN,NaN,98.52745388,98.52745388,98.52745388,98.52745388,98.52745388,98.64606172,98.76466956,98.88327739,99.00188523,99.12049307,99.23910091,99.35770875,99.47631659,99.59492443,99.59492443,99.59492443
105,Kosovo,XKX,NaN,NaN,NaN,NaN,NaN,NaN,NaN,NaN,NaN,NaN,NaN,NaN,NaN,NaN,NaN,NaN,NaN,NaN
106,Kuwait,KWT,100,100,100,100,100,100,100,100,100,100,100,100,100,100,100,100,100,100
107,Kyrgyz Republic,KGZ,80.3243882,80.32394718,80.82483722,81.32552383,81.82643521,82.32715169,82.82808441,83.32883077,83.82959419,84.33056105,84.83517836,85.34319004,85.85468715,86.36888013,86.87712213,87.2686387,87.2686387,87.2686387
108,Lao PDR,LAO,45.82926228,48.31637439,50.78637014,53.23627251,55.66572726,58.07126813,60.44511571,62.78488413,65.09057339,67.36084938,69.59517813,71.79367773,73.95585825,76.08188187,78.38469639,80.44735551,80.44735551,80.44735551
109,Latvia,LVA,97.65262407,97.64879162,97.71357759,97.78019233,97.85105207,97.92152986,97.98853913,98.05495032,98.12163681,98.18850547,98.25561036,98.32299025,98.39064514,98.45857504,98.52691473,98.59556082,98.59556082,98.59556082
110,Lebanon,LBN,85.39440026,85.8519864,86.30957254,86.76715868,87.22474482,87.68233097,88.13991711,88.59750325,89.05508939,89.51267554,89.97026168,90.42784782,90.88543396,91.34302011,91.80060625,92.25819239,92.25819239,92.25819239
111,Lesotho,LSO,66.36987879,66.72033451,67.07293477,67.42745063,67.7843136,68.14263597,68.503069,68.84173584,69.18189808,69.52267554,69.86515582,70.20867797,70.55345479,70.89882855,71.2454473,71.59287175,71.59287175,71.59287175
112,Liberia,LBR,61.7105199,62.27852344,62.8434618,63.40476505,63.96269701,64.51698329,65.06762389,65.61486679,66.15845345,66.70004576,67.23953279,67.77680358,68.3115256,68.84382003,69.37357591,69.90047658,69.90047658,69.90047658
113,Libya,LBY,NaN,NaN,NaN,NaN,NaN,NaN,NaN,NaN,NaN,NaN,96.75,96.75,96.75,96.75,96.75,96.75,96.75,96.75
114,Liechtenstein,LIE,100,100,100,100,100,100,100,100,100,100,100,100,100,100,100,100,100,100
115,Lithuania,LTU,90.04549146,90.55959392,91.07064801,91.58326793,92.0974537,92.62514465,93.16455722,93.70274809,94.23971726,94.76662299,95.28524026,95.80532012,96.32837588,96.85404916,97.38187538,97.38087004,97.38087004,97.38087004
116,Luxembourg,LUX,99.92108,99.924215,99.926495,99.928715,99.930885,99.93299,99.935045,99.937045,99.939,99.94089,99.942735,99.94453,99.946235,99.94784,99.94936,99.9508,99.9508,99.9508
117,"Macao SAR, China",MAC,100,100,100,100,100,100,100,100,100,100,100,100,100,100,100,100,100,100
118,"Macedonia, FYR",MKD,97.8888956,97.88772548,97.88655535,97.88538523,97.88420951,97.38819884,96.89533399,96.62205124,96.63478954,96.64714264,96.65903846,96.67048152,96.68139798,96.77686198,96.77576303,96.77404592,96.77404592,96.77404592
119,Madagascar,MDG,36.68813999,37.48022757,38.27460368,39.07082993,39.86937038,40.81985075,41.77711865,42.74077161,43.71179679,44.68650995,45.6658623,46.64940261,47.6366694,48.62814982,49.62289522,50.6213902,50.6213902,50.6213902
120,Malawi,MWI,51.60495742,52.65152819,53.6963109,54.73965936,55.78119942,56.8212646,57.85950107,58.89622202,59.93109394,60.96704549,62.00433732,63.04205858,64.08042926,65.11883139,66.15717178,67.19508468,67.19508468,67.19508468
121,Malaysia,MYS,98.15486634,98.18961991,98.0167719,97.85221429,97.69580653,97.547186,97.40633653,97.27303862,97.14712361,97.02820006,96.91621501,96.81090213,96.71047501,96.61439086,96.52228354,96.43380565,96.43380565,96.43380565
122,Maldives,MDV,88.58493936,89.8138276,91.00354845,92.1522294,93.25845308,94.32044311,95.33704171,96.30676438,97.23048663,98.10934359,98.19164112,98.05673113,98.01105704,97.96662063,97.92358159,97.88197985,97.88197985,97.88197985
123,Mali,MLI,49.22409852,50.92129376,52.61652226,54.30896024,55.99914533,57.68528737,59.36891564,61.04860137,62.7251889,64.39698484,66.06176659,67.71894178,69.36854829,71.00974177,72.64317769,74.26804958,74.26804958,74.26804958
124,Malta,MLT,100,100,100,100,100,100,100,100,100,100,100,100,100,100,100,100,100,100
125,Marshall Islands,MHL,NaN,79.31113531,79.2213885,79.13278862,79.0456224,78.95931637,78.87444399,78.79043181,78.70785328,78.62642168,78.54585027,78.46671251,78.38872168,78.31187777,78.23589406,78.161344,78.161344,78.161344
126,Mauritania,MRT,53.60732716,54.81202026,55.99707095,57.16223344,58.30679098,59.43109482,60.53549622,61.62034644,62.68505481,63.73048859,64.7565731,65.76326971,66.75188058,67.72193215,68.67343982,69.60767873,69.60767873,69.60767873
127,Mauritius,MUS,99.27977595,99.32341723,99.36729397,99.41140618,99.45575385,99.50034241,99.54516532,99.59022256,99.6355179,99.68104646,99.72680824,99.77280531,99.81903297,99.86551562,99.86535947,99.86522415,99.86522415,99.86522415
128,Mexico,MEX,89.31018685,89.95484361,90.59275266,91.22400035,91.84883695,92.46701142,93.07892831,93.68451008,94.2839686,94.87712962,95.46432091,96.04530988,96.62032758,97.18941163,97.75277389,98.31047115,98.31047115,98.31047115
129,"Micronesia, Fed. Sts.",FSM,92.61359,92.257667,91.901744,91.545821,91.189898,90.833975,90.4776656,90.1212021,89.7647202,89.4081555,89.051416,88.6957667,88.3411386,88.3437836,88.3475924,88.3524592,88.3524592,88.3524592
130,Moldova,MDA,84.05934754,84.23650976,84.41433094,84.5928111,84.77195022,84.95174831,85.13220536,85.31332139,85.49509638,85.68182287,85.87343677,86.06934407,86.26965288,86.47394803,86.68198991,86.69334497,86.69334497,86.69334497
131,Monaco,MCO,100,100,100,100,100,100,100,100,100,100,100,100,100,100,100,100,100,100
132,Mongolia,MNG,65.00603212,66.46120464,67.88319566,69.27175354,70.62668056,71.94580242,73.23166158,74.48370091,75.70240544,76.8855379,78.03646734,79.1539717,80.23001836,81.2649034,82.26101633,83.21989314,83.21989314,83.21989314
133,Montenegro,MNE,NaN,NaN,NaN,NaN,NaN,NaN,95.28767403,95.47099699,95.65345228,95.83506361,96.01581669,96.16576004,96.35914019,96.47959287,96.72920192,97.6275668,97.6275668,97.6275668
134,Morocco,MAR,64.12549014,65.43018037,66.72256151,68.00145992,69.26747227,70.60086482,71.93120382,73.24080923,74.52974016,75.79761669,77.04497636,78.27147866,79.47762173,80.66274425,81.82668302,82.96999532,82.96999532,82.96999532
135,Mozambique,MOZ,22.2128017,23.49469151,25.18456675,26.87344937,28.56184004,30.24923257,31.93661726,33.62250041,35.30835917,36.99953264,38.69591329,40.39787493,42.10530178,43.81807802,45.53561475,47.25874511,47.25874511,47.25874511
136,Myanmar,MMR,54.8349743,55.67099444,56.51022431,57.3524389,58.19767794,59.04544453,59.89551365,60.74816839,61.60216042,62.45753307,63.3106655,64.16149342,65.00948019,65.85458293,66.69721688,67.53664134,67.53664134,67.53664134
137,Namibia,NAM,77.40941662,77.33978603,77.37676331,77.4409539,77.51411338,77.59479211,77.68399609,77.78118298,77.88674487,77.99884001,78.11944341,78.24700918,78.38223761,78.51725829,78.6526185,78.7872086,78.7872086,78.7872086
138,Nauru,NRU,95.10731155,95.50132378,95.89533601,96.28934823,96.68336046,97.07737268,97.47138491,97.86539713,98.25940936,98.65342159,99.04743381,99.44144604,99.83545826,100,100,100,100,100
139,Nepal,NPL,79.50427881,80.1238194,80.70219768,81.27589101,81.84487881,82.40889529,82.96780622,83.52147737,84.06985233,84.61270113,85.14994948,85.6813853,86.20700049,86.72654717,87.23983742,87.74666809,87.74666809,87.74666809
140,Netherlands,NLD,100,100,100,100,100,100,100,100,100,100,100,100,100,100,100,100,100,100
141,New Caledonia,NCL,94.51624682,94.51624682,94.51624682,94.85998616,95.2037255,95.54746484,95.89120418,96.23494352,96.57868286,96.9224222,97.26616154,97.60990089,97.95364023,98.29737957,98.64111891,98.98485825,98.98485825,98.98485825
142,New Zealand,NZL,100,100,100,100,100,100,100,100,100,100,100,100,100,100,100,100,100,100
143,Nicaragua,NIC,80.6349885,80.72451417,80.8154315,80.9070661,81.00009675,81.09349536,81.19141404,81.29322028,81.39896696,81.5090607,81.62320506,81.74145294,81.86385723,81.99047081,82.12134657,82.25617046,82.25617046,82.25617046
144,Niger,NER,37.99811334,38.48123545,38.9700187,39.46430298,39.96508626,40.47103095,40.98311561,41.50058653,42.02326905,42.55209808,43.08576997,43.62520023,44.16964483,44.71944995,45.27494234,45.83537798,45.83537798,45.83537798
145,Nigeria,NGA,46.07740937,47.60183579,49.1137923,50.61258042,52.09754164,53.56767855,55.02318024,56.46383701,57.88943913,59.29842116,60.69168003,62.06393272,63.41547883,64.74602001,66.05591579,67.34496767,67.34496767,67.34496767
146,Northern Mariana Islands,MNP,98.79229168,98.83087695,98.86946222,98.90804749,98.94663277,98.98521804,99.02380331,99.06238858,99.10097385,99.13955912,99.17814439,99.21672966,99.25531493,99.25531493,99.25531493,99.25531493,99.25531493,99.25531493
147,Norway,NOR,100,100,100,100,100,100,100,100,100,100,100,100,100,100,100,100,100,100
148,Oman,OMN,NaN,76.33919524,76.3335595,76.32792376,76.417532,76.5789959,78.13136041,79.66861745,81.1910133,82.69832448,84.19131393,85.67022795,87.13331588,88.58098785,90.01422965,90.943688,90.943688,90.943688
149,Pakistan,PAK,88.93699618,88.92915829,88.91969704,88.9081692,88.89450338,88.87839855,88.85977238,88.83842772,88.81416741,88.78671231,88.7559582,88.72170792,88.6837643,88.64187013,88.59584467,88.54555632,88.54555632,88.54555632
150,Palau,PLW,91.6530819,92.40659291,93.12394741,93.80570511,94.45365483,95.06832147,95.64717034,96.19316568,96.70954568,97.1991391,97.66468139,98.10863519,98.53341276,98.94098213,99.33338094,99.57514402,99.57514402,99.57514402
151,Panama,PAN,88.19571351,88.67326652,89.14726376,89.61772229,90.08483713,90.54826371,91.00820274,91.46483222,91.91784167,92.36741475,92.81356853,93.25687279,93.69727635,94.13472803,94.56905553,95.00022473,95.00022473,95.00022473
152,Papua New Guinea,PNG,36.70517127,36.69313879,36.68329403,36.67344928,36.66305759,36.65321283,36.64336808,36.63352332,36.62367857,36.61383381,36.60398905,36.59359737,36.58375261,36.58101796,36.5853934,36.59633202,36.59633202,36.59633202
153,Paraguay,PRY,75.02805771,76.86444137,78.66572548,80.31770101,81.93388559,83.53726187,85.12816598,86.70659794,88.27255773,89.82570129,91.36662678,92.89513482,94.41113541,95.91527435,97.40689521,98.88534157,98.88534157,98.88534157
154,Peru,PER,80.5234382,81.22393737,81.91293669,82.5909529,83.25773946,83.91309897,84.55788068,85.19155468,85.81492111,86.42631646,87.02663914,87.61560486,88.1940629,88.7617781,89.31955061,89.86763835,89.86763835,89.86763835
155,Philippines,PHL,86.08739209,86.37520866,86.66359261,86.95231038,87.24147918,87.53132673,87.82150893,88.11214048,88.40322139,88.6948622,88.98695069,89.28286208,89.58251896,89.88573673,90.19265328,90.5029776,90.5029776,90.5029776
156,Poland,POL,NaN,NaN,NaN,NaN,NaN,97.920094,97.9162645,97.9124005,97.908502,97.904638,97.900774,97.89691,97.893736,97.8912865,97.889596,97.8885955,97.8885955,97.8885955
157,Portugal,PRT,98.54303825,98.64534215,98.7479205,98.85079144,98.95395424,99.05740005,99.1611367,99.26515664,99.36946051,99.47403792,99.578895,99.68402686,99.78940923,99.86819791,99.90310683,99.90456968,99.90456968,99.90456968
158,Puerto Rico,PRI,97.06014546,97.06394812,97.06775078,97.07155344,97.0753561,97.07915875,97.08296141,97.08676407,97.09056673,97.09436939,97.09817205,97.10197471,97.10577737,97.10958003,97.11338269,97.11718534,97.11718534,97.11718534
159,Qatar,QAT,100,100,100,100,100,100,100,100,100,100,100,100,100,100,100,100,100,100
160,Romania,ROU,100,100,100,100,100,100,100,100,100,100,100,100,100,100,100,100,100,100
161,Russian Federation,RUS,95.32288442,95.32236378,95.39298664,95.46821089,95.54478194,95.62105127,95.69701888,95.77268479,95.84804898,95.92300812,95.99777225,96.07223466,96.14723491,96.22286237,96.29874666,96.37505701,96.37505701,96.37505701
162,Rwanda,RWA,46.98788147,47.6496912,48.32235503,48.95346609,49.58407857,50.22046456,50.86308781,51.51210226,52.16735999,52.8216595,53.47555199,54.12812236,54.77818549,55.42601935,56.06989396,56.71010797,56.71010797,56.71010797
163,Samoa,WSM,93.01255743,93.00802498,93.01435048,93.02645361,93.03845713,93.32726953,93.61076727,93.88894916,94.16201905,94.43012635,94.69333708,94.95169004,95.20529465,95.42509605,95.48712441,95.51433622,95.51433622,95.51433622
164,San Marino,SMR,100,100,100,100,100,100,100,100,100,100,100,100,100,100,100,100,100,100
165,Sao Tome and Principe,STP,66.92283738,67.81947885,68.71168904,69.59660126,70.474152,71.34464276,72.20813878,73.06482559,73.91488869,74.75862105,75.59609645,76.4275004,77.25311948,78.07313278,78.88771943,79.69705854,79.69705854,79.69705854
166,Saudi Arabia,SAU,96.80861994,96.80861994,96.80861994,97.12704721,97.44547448,97.76390175,98.08232901,98.40075628,98.71918355,99.03761082,99.35603809,99.67446536,99.99289263,99.99289263,99.99289263,99.99289263,99.99289263,99.99289263
167,Senegal,SEN,61.62394197,62.53519806,63.442804,64.34627508,65.25203231,66.15943847,67.0682561,67.97741989,68.88629262,69.79423708,70.70095914,71.60512122,72.50707291,73.40519018,74.2994512,75.18863166,75.18863166,75.18863166
168,Serbia,SRB,91.81794571,91.79547758,91.77301662,91.75056283,91.72813119,91.29829111,90.86462842,90.42714545,90.10530947,90.08509752,90.06488741,90.04463639,90.02442999,90.00349929,89.98188794,91.18245316,91.18245316,91.18245316
169,Seychelles,SYC,93.26460299,93.50374592,93.74288884,93.98203177,94.2211747,94.46031762,94.69946055,94.93860348,95.1777464,95.41688933,95.65603226,95.89517518,96.13431811,96.23298618,96.24196017,96.2508915,96.2508915,96.2508915
170,Sierra Leone,SLE,38.72314096,39.03697106,40.4182376,41.79471798,43.16638003,44.53280928,45.8984647,47.26296026,48.62626006,49.98726709,51.34595619,52.70194131,54.05483645,55.40455209,56.75009844,58.09139672,58.09139672,58.09139672
171,Singapore,SGP,100,100,100,100,100,100,100,100,100,100,100,100,100,100,100,100,100,100
172,Sint Maarten (Dutch part),SXM,NaN,NaN,NaN,NaN,NaN,NaN,NaN,95.5,95.5,95.5,95.5,95.5,95.5,95.5,95.5,95.5,95.5,95.5
173,Slovak Republic,SVK,97.980893,97.979423,97.976273,97.973123,97.969973,97.966823,97.963652,97.960481,97.957331,97.95416,97.948385,97.94261,97.937423,97.932845,97.928897,97.925558,97.925558,97.925558
174,Slovenia,SVN,99.6158292,99.60953401,99.603108,99.59633754,99.58958945,99.58286373,99.57616038,99.56947939,99.5628175,99.55618452,99.54956761,99.54297622,99.53640719,99.52986053,99.52339469,99.52328034,99.52328034,99.52328034
175,Solomon Islands,SLB,80.22806491,80.27514077,80.32318726,80.37220439,80.42219216,78.83957801,77.27491151,75.72866977,74.20153074,72.69358971,71.20550475,69.73540861,68.283522,66.84954469,65.43309691,64.03405938,64.03405938,64.03405938
176,Somalia,SOM,20.68159921,21.91640982,23.15653721,24.40418657,25.65948891,26.92213311,28.193129,29.4721709,30.75893132,32.05445282,33.35794395,34.66951934,35.98977397,37.31883884,38.65635372,40.00243322,40.00243322,40.00243322
177,South Africa,ZAF,76.98000071,77.52467439,78.08552164,78.64651752,79.1993265,79.74273541,80.27763808,80.80407705,81.32248504,81.83135083,82.33190884,82.82383265,83.30754791,83.78025894,84.24356914,84.69726547,84.69726547,84.69726547
178,South Sudan,SSD,NaN,NaN,NaN,NaN,NaN,NaN,NaN,NaN,NaN,NaN,NaN,42.74827791,44.66051376,46.57505017,48.4918803,50.41121109,50.41121109,50.41121109
179,Spain,ESP,100,100,100,100,100,100,100,100,100,100,100,100,100,99.97186524,99.94356978,99.94341049,99.94341049,99.94341049
180,Sri Lanka,LKA,77.46903302,78.45634815,79.44373681,80.43160434,81.41974244,82.4081511,83.39683032,84.38563944,85.37487107,86.36437327,87.35414603,88.34418935,89.33450324,90.32618316,91.31884532,92.31186429,92.31186429,92.31186429
181,St. Kitts and Nevis,KNA,98.21339286,98.29719388,98.3809949,98.46479592,98.54859694,98.63239796,98.71619898,98.8,98.88380102,98.96760204,98.96760204,98.96760204,98.96760204,98.96760204,98.96760204,98.96760204,98.96760204,98.96760204
182,St. Lucia,LCA,88.48083934,88.46253646,88.39297334,89.17724652,89.97250785,90.77861715,91.59495464,92.42120615,93.256882,94.10171347,94.95849159,95.83906859,96.64425564,97.42606641,98.16256726,98.16245367,98.16245367,98.16245367
183,St. Martin (French part),MAF,NaN,NaN,NaN,NaN,NaN,NaN,NaN,NaN,NaN,NaN,NaN,NaN,NaN,NaN,NaN,NaN,NaN,NaN
184,St. Vincent and the Grenadines,VCT,93.15182961,93.29421463,93.43659965,93.57898467,93.72136969,93.86375471,94.00613973,94.14852475,94.29090977,94.4332948,94.57567982,94.71806484,94.86044986,95.00283488,95.1452199,95.1452199,95.1452199,95.1452199
185,Sudan,SDN,43.42977604,43.44303594,43.45629584,43.46955575,43.48281565,44.87897128,46.27477523,47.67022747,49.06532802,50.46428164,51.86713942,53.2734853,54.68336375,56.09636532,57.51231086,58.93144857,58.93144857,58.93144857
186,Suriname,SUR,88.83825408,89.34628966,89.85271754,90.35706597,90.85957712,91.33569663,91.81104942,92.28792183,92.76650568,93.24694247,93.72893662,94.21264221,94.69805925,94.69100479,94.68529898,94.68094181,94.68094181,94.68094181
187,Swaziland,SWZ,52.15380767,53.15908227,54.16658433,55.17629338,56.18733912,57.20099625,58.21640133,59.23395876,60.25881666,61.29186055,62.3315904,63.37809654,64.431442,65.49057215,66.55555682,67.62608877,67.62608877,67.62608877
188,Sweden,SWE,100,100,100,100,100,100,100,100,100,100,100,100,100,100,100,100,100,100
189,Switzerland,CHE,100,100,100,100,100,100,100,100,100,100,100,100,100,100,100,100,100,100
190,Syrian Arab Republic,SYR,94.8544562,95.03778875,95.20303933,95.36510211,95.52414994,95.67994252,95.83300682,95.98321213,96.13050785,96.27478437,96.41611334,96.55427975,96.68935104,96.70771173,96.72625788,96.74485039,96.74485039,96.74485039
191,Tajikistan,TJK,57.18496435,58.37751768,59.57147444,60.76593174,61.9802119,63.19353565,64.40670654,65.61895413,66.83101575,68.04251446,69.25313954,70.46352897,71.67835241,72.89671581,74.11772513,74.13972956,74.13972956,74.13972956
192,Tanzania,TZA,31.59367299,32.7410724,33.88801641,35.12581429,36.3804166,37.63491355,38.88965201,40.14404269,41.39888095,42.65221636,43.90574911,45.15800465,46.40975878,47.65957214,48.9047537,50.14528001,50.14528001,50.14528001
193,Thailand,THA,94.25294722,94.57128038,94.88337545,95.18863614,95.48702407,95.77786256,96.06129261,96.33694307,96.6046156,96.86397823,97.11496539,97.3564749,97.58861731,97.81162645,98.02570895,98.23114483,98.23114483,98.23114483
194,Timor-Leste,TLS,NaN,NaN,52.02081699,53.34279676,54.66676323,56.06016138,57.4600648,58.8648002,60.27412122,61.68777528,63.10639135,64.52912351,65.95301423,67.37654684,68.79998629,70.22330007,70.22330007,70.22330007
195,Togo,TGO,45.38619252,46.55204428,47.71788825,48.88322543,50.04803668,51.21183363,52.37507061,53.53772847,54.70025092,55.86076958,57.02111879,58.18036011,59.34029808,60.49953781,61.65851023,62.81763777,62.81763777,62.81763777
196,Tonga,TON,98.49200315,98.49157867,98.49116882,98.49074434,98.49031985,98.63160422,98.77294873,98.91421725,99.05549236,99.19690672,99.33846032,99.48015316,99.62198093,99.76392928,99.90602006,99.90588051,99.90588051,99.90588051
197,Trinidad and Tobago,TTO,91.88589965,92.34541414,92.80492864,93.26444313,93.72395762,94.18347211,94.6429866,95.1025011,95.56201559,96.02153008,96.48104457,96.94055907,96.94055907,96.94055907,96.94055907,96.94055907,96.94055907,96.94055907
198,Tunisia,TUN,87.67075375,88.18718471,88.69768119,89.20253771,89.69244973,90.13581632,90.57658044,91.01476316,91.4508202,91.88409953,92.31525319,92.74386752,93.17166719,93.59054577,93.9113446,94.23021796,94.23021796,94.23021796
199,Turkey,TUR,95.49076439,95.53741803,95.83970431,96.13217528,96.41494464,96.68793084,96.9515458,97.20578063,97.45077177,97.68658614,97.91348719,98.13154941,98.34083579,98.54168298,98.73445166,98.89935342,98.89935342,98.89935342
200,Turkmenistan,TKM,83.98809972,84.73041159,85.46724043,86.19846072,86.92407246,87.6447708,88.3601952,89.06985868,89.77337578,90.47029779,91.16017428,91.84260818,92.51717486,93.18346301,93.82762961,94.45457734,94.45457734,94.45457734
201,Turks and Caicos Islands,TCA,86.49090909,87.05,87.60909091,88.16818182,88.72727273,89.28636364,89.84545455,90.40454545,90.96363636,91.52272727,92.08181818,92.64090909,93.2,93.75909091,94.31818182,94.31818182,94.31818182,94.31818182
202,Tuvalu,TUV,NaN,97.891432,97.894728,97.901248,97.909424,97.917592,98.065768,98.213944,98.36212,98.510256,98.658368,98.806456,98.95452,99.102512,99.250256,99.257736,99.257736,99.257736
203,Uganda,UGA,30.00812958,30.53427525,31.06011883,31.65071813,32.25818027,32.86498958,33.47197553,34.07862034,34.68485681,35.29061775,35.89625963,36.5012826,37.10644893,37.71166451,38.31683528,38.92146587,38.92146587,38.92146587
204,Ukraine,UKR,95.66028867,95.79038287,95.92178084,96.05341867,96.18449206,96.31467585,96.44331331,96.57065234,96.69670757,96.82147879,96.94494961,97.06705131,97.18771899,97.49938091,97.6164046,97.73177956,97.73177956,97.73177956
205,United Arab Emirates,ARE,99.6530433,99.65128368,99.64955346,99.64785263,99.646177,99.64453497,99.64291394,99.64135589,99.63985245,99.6383994,99.63700514,99.63566128,99.63436361,99.63311634,99.63191946,99.63076458,99.63076458,99.63076458
206,United Kingdom,GBR,100,100,100,100,100,100,100,100,100,100,100,100,100,100,100,100,100,100
207,United States,USA,NaN,NaN,NaN,NaN,NaN,99.14818113,99.15347145,99.15873083,99.16395927,99.16915677,99.1742924,99.17948991,99.18468741,99.18991585,99.19517523,99.20043461,99.20043461,99.20043461
208,Uruguay,URY,96.75302664,96.825814,96.89621922,96.96477167,97.03094199,97.28000713,97.5184432,97.7464356,97.96462404,98.17323144,98.37301218,98.56417039,98.7470999,98.92181088,99.08892217,99.24911101,99.24911101,99.24911101
209,Uzbekistan,UZB,85.36004714,86.16543476,86.97214996,87.78019274,88.58970404,89.40053413,90.21268301,90.85183541,91.47253369,91.46462743,91.45965778,91.45762474,91.45864126,91.45864126,91.45864126,91.45864126,91.45864126,91.45864126
210,Vanuatu,VUT,81.6060984,81.65599431,81.70624661,81.75721172,81.80853323,82.61673996,83.42242949,84.22539237,85.02575472,85.82346967,86.61834339,87.41034465,88.19930565,88.98534211,89.76829665,90.50425522,90.50425522,90.50425522
211,"Venezuela, RB",VEN,96.06151262,96.20699712,96.32162391,96.42138423,96.52090989,96.62005474,96.71911388,96.81779779,96.91625262,97.01447839,97.11247508,97.2102427,97.30778124,97.40533833,97.41115733,97.41722394,97.41722394,97.41722394
212,Vietnam,VNM,77.85511363,78.64026281,79.49261009,80.41281953,81.32386985,82.22516704,83.11672453,83.99830209,84.86957717,85.73018933,86.57984934,87.41839477,88.24569879,89.06170803,89.86634013,91.19176624,91.19176624,91.19176624
213,Virgin Islands (U.S.),VIR,100,99.9997,99.9994,99.9991,99.9988,99.9985,99.9982,99.9979,99.9976,99.9973,99.997,99.9967,99.9964,99.9964,99.9964,99.9964,99.9964,99.9964
214,West Bank and Gaza,PSE,88.21386987,88.20413552,88.19036918,88.17251144,88.15065837,88.12478721,88.09495515,88.06118275,88.02350221,87.98186745,87.93622349,87.88647174,87.83263527,87.77462464,87.7123138,87.64586102,87.64586102,87.64586102
215,"Yemen, Rep.",YEM,42.7096553,42.96533296,43.22494412,45.44084432,47.63746777,49.81351613,51.96867446,54.1022411,56.21432979,58.30393615,60.37119494,62.41555148,64.43653506,66.43454116,68.40859864,70.35886323,70.35886323,70.35886323
216,Zambia,ZMB,48.58468732,49.34164143,50.22787888,51.10792229,51.98274851,52.85129914,53.71451842,54.57185676,55.42326524,56.26823504,57.10719344,57.9400915,58.76862202,59.5926382,60.41157417,61.22530759,61.22530759,61.22530759
217,Zimbabwe,ZWE,70.38538133,70.53533339,70.45535205,70.18516467,69.88499127,69.58417668,69.28235146,68.97989604,68.67643549,68.37235572,68.0672763,67.76158866,67.45490686,67.14762782,66.85015101,66.56310131,66.56310131,66.56310131