,Country Name,Country Code,1990,1991,1992,1993,1994,1995,1996,1997,1998,1999,2000,2001,2002,2003,2004,2005,2006,2007,2008,2009,2010,2011,2012,2013,2014,2015,2016,2017
0,World,WLD,19.36152187,19.23294985,19.15826213,19.787379,19.53734492,19.83425132,19.50401646,19.38194755,19.0355085,18.66521701,18.33247347,17.8688251,17.78813664,17.37619532,17.8054605,17.95229947,18.11280189,17.87544809,18.54967514,19.32868062,19.56337971,19.9331194,20.89085677,21.66894032,22.34902703,22.34902703,22.34902703,22.34902703
1,Afghanistan,AFG,67.73049645,67.98029557,67.9943101,68.34532374,68.70451237,69.03703704,70.37037037,72.3880597,74.43609023,73.72262774,74.98909408,72.81145999,79.0639712,66.29098361,72.43589744,74.06181015,70.75575027,72,68.65482234,87.17660292,85.98654709,82.48756219,85.90998043,78.6364081,85.32354903,85.32354903,85.32354903,85.32354903
2,Albania,ALB,86.40776699,92.14248298,95.05008839,93.90762256,95.68637402,93.98613906,95.72049482,96.17444529,96.32021922,97.32915822,96.14901632,95.30831099,93.95398609,97.85657051,97.5026757,98.71394452,98.31643736,97.48251748,100,99.98077662,99.98678647,98.59222143,100,100,100,100,100,100
3,Algeria,DZA,0.838301043,1.689247622,1.088264246,1.818275471,0.834884072,0.978950038,0.653626416,0.348885891,0.924254148,0.819970109,0.212498032,0.25915493,0.206163194,0.896148253,0.8032,1.636444051,0.618861069,0.607592214,0.703350234,0.794784551,0.380460926,0.980009371,1.083680332,0.551010185,0.395379969,0.395379969,0.395379969,0.395379969
4,American Samoa,ASM,0,0,0,0,0,0,0,0,0,0,0,0,0,0,0,0,0,0,0,0,0,0,0.702426564,0.703140481,0.700882475,0.700882475,0.700882475,0.700882475
5,Andorra,AND,100,100,100,100,100,100,100,100,100,100,100,100,100,100,98.93617021,98.82352941,94.59459459,75,80.05082592,76.54320988,88.73114463,86.51315789,86.6894198,88.7532694,89.43217666,89.43217666,89.43217666,89.43217666
6,Angola,AGO,86.20689655,82.65524625,88.70116156,93.68421053,93.71727749,93.75,89.98054475,76.35253054,80.42488619,66.96629213,63.11418685,62.08791209,64.7592068,62.20551378,78.40501792,79.64824121,80.61101028,77.6188996,75.40904716,65.34318902,67.95742338,70.90780393,60.7994842,58.02093476,53.17510549,53.17510549,53.17510549,53.17510549
7,Antigua and Barbuda,ATG,0,0,0,0,0,0,0,0,0,0,0,0,0,0,0,0,0,0,0,0,0,0,0,0,0,0,0,0
8,Argentina,ARG,35.4414663,30.4365664,34.87052844,38.93400026,42.60157812,40.21338506,33.39982206,39.38698166,36.39004486,27.29441883,33.15937465,41.82988404,43.56387577,37.95175486,31.63480258,33.52513485,37.1276984,29.84220081,26.3437058,28.92740262,28.5854562,32.30597044,29.26113532,31.53961673,31.53617443,31.53617443,31.53617443,31.53617443
9,Armenia,ARM,15.00675545,16.24632198,33.8071968,68.19698173,62.1067515,34.50818198,25.29771484,23.05523304,24.82636085,20.99002974,21.16482041,16.84943429,30.04167422,36.02981276,33.13432836,28.06712047,30.71873422,31.46829434,31.17850953,35.67272086,39.48544138,33.5397039,28.94474863,28.23605707,25.75483871,25.75483871,25.75483871,25.75483871
10,Aruba,ABW,0,0,0,0,0,0,0,0,0,0,0,0,0,0,0,0,0,0,0,0,11.32737715,12.10102096,14.91525424,14.91218619,15.09927995,15.09927995,15.09927995,15.09927995
11,Australia,AUS,9.656030644,10.59820105,10.06686525,10.54914357,10.19447386,9.62414282,9.229727824,9.587675727,8.434050016,8.544053588,8.381618572,8.098454953,7.860918822,8.390527478,8.138506641,8.803706639,9.299307773,8.648072467,8.115257556,7.480085409,8.611879628,10.42665228,10.59265336,13.26410839,14.90671221,14.90671221,14.90671221,14.90671221
12,Austria,AUT,66.20212593,65.06247384,72.39632351,74.06708065,70.8027096,70.50636123,66.80479337,67.91595582,69.81040959,70.67895053,72.54400909,69.15682775,69.01294765,60.78282872,64.20223413,63.38874581,66.00428348,69.21516642,69.25627518,71.14076755,66.21229741,65.63092141,74.52638012,78.02061536,81.12833834,81.12833834,81.12833834,81.12833834
13,Azerbaijan,AZE,7.161368348,7.496801706,8.83975105,12.73423967,10.40919697,9.129312368,9.000994908,10.16868615,10.84009334,8.285651408,8.203647254,6.858197153,10.80156141,11.59917317,12.67016188,13.15582371,10.25954447,10.82070765,10.31280322,12.24295103,18.42330305,13.1861634,7.921524274,6.67123405,5.629246199,5.629246199,5.629246199,5.629246199
14,"Bahamas, The",BHS,0,0,0,0,0,0,0,0,0,0,0,0,0,0,0,0,0,0,0,0,0,0,0,0,0,0,0,0
15,Bahrain,BHR,0,0,0,0,0,0,0,0,0,0,0,0,0,0,0,0,0,0,0,0,0,0,0,0,0,0,0,0
16,Bangladesh,BGD,11.43300569,10.13301088,8.949853834,6.604388442,8.656991006,3.442531927,6.440648423,6.063417102,6.714795839,5.764705882,4.749223258,5.709521619,4.012858291,3.799715909,3.034477171,2.832079253,2.536317768,2.415739397,2.776316559,1.121661242,1.787202746,1.974950739,1.600016474,1.946536145,1.319724237,1.319724237,1.319724237,1.319724237
17,Barbados,BRB,0,0,0,0,0,0,0,0,0,0,0,0,0,0,0,0,0,0,0,0,0,0,0,0,0,0,0,0
18,Belarus,BLR,0.050599605,0.046469601,0.045218779,0.056939075,0.060515336,0.080263264,0.067430883,0.080592547,0.119189511,0.07165485,0.103444312,0.11969836,0.109615966,0.10515642,0.108939442,0.119505184,0.119455534,0.157089447,0.20828578,0.345667632,0.37254621,0.428571429,0.555212832,0.844256832,0.722614078,0.722614078,0.722614078,0.722614078
19,Belgium,BEL,0.789563535,0.752957042,0.864024646,0.723582805,0.841031104,0.908645737,0.746626208,0.755191945,0.924763935,1.019600317,1.261280852,1.36737134,1.405997109,1.426502794,1.774684955,2.457151524,3.499786598,3.982725528,5.285763852,6.056388215,6.920806113,9.410879188,12.81287904,14.14404439,17.03029879,17.03029879,17.03029879,17.03029879
20,Belize,BLZ,0,0,0,0,0,27.02702703,40.13157895,41.31736527,41.50943396,45.50898204,70.0729927,69.0647482,67.14285714,40.96385542,43.07814788,44.14180275,84.77177737,82.2754469,94.74758595,79.29142145,63.38095209,62.94159847,49.19400582,55.81301319,50.70547537,50.70547537,50.70547537,50.70547537
21,Benin,BEN,0,0,0,0,0,0,0,3.389830508,2.53164557,2.777777778,2.380952381,3.03030303,3.174603175,2.5,1.234567901,0.934579439,2.597402597,1.363636364,1.310043668,0.78125,0.666666667,0.64516129,0.617283951,0.578034682,0.543478261,0.543478261,0.543478261,0.543478261
22,Bermuda,BMU,0,0,0,0,0,0,0,0,0,0,0,0,0,0,0,0,0,0,0,0,0,0,0,0,0,0,0,0
23,Bhutan,BTN,99.55242967,99.74424552,99.93606138,99.94061758,99.94068802,100,100,100,100,100,100,99.97814898,99.95865347,99.91696651,99.92356039,99.94334278,99.96018404,99.96952149,99.99856345,99.99857104,99.99590628,99.99575522,99.99707033,99.99345562,99.99286108,99.99286108,99.99286108,99.99286108
24,Bolivia,BOL,52.44482908,58.87521968,54.14593698,58.27989438,48.15864023,43.3256045,45.46016059,46.45737327,43.2884097,47.35892811,51.52061856,54.84924623,53.94359465,47.11449677,48.70661066,41.25816993,41.86792453,41.69863969,41.37871755,39.48701193,33.95307658,34.1966759,32.3064874,32.17606944,28.00685323,28.00685323,28.00685323,28.00685323
25,Bosnia and Herzegovina,BIH,20.89939858,37.27239753,52.22988506,71.14517583,81.50329877,82.77664167,70.24523161,53.10895608,50.20381183,54.48099271,48.84456803,48.70276368,48.84561892,39.95206817,46.97517285,47.59561974,44.00781426,33.95281738,32.83410915,39.82001532,46.86989021,28.71073298,29.93182787,41.46467251,36.72648515,36.72648515,36.72648515,36.72648515
26,Botswana,BWA,0,0,0,0,0,0,0,0,0,0,0,0,0,0,0,0,0,0,0,0,0,0,0,0.052438385,0.042319086,0.042319086,0.042319086,0.042319086
27,Brazil,BRA,94.50051835,94.62575253,94.41943971,95.2547068,95.40533993,94.1574958,93.56113404,92.97783637,92.92334373,90.03692683,89.49270586,84.28744505,85.738173,87.16360313,86.03211228,87.12462751,86.74765165,88.21467965,84.26642365,88.99577577,84.72423388,87.120997,82.4482831,76.68888157,73.08120793,73.08120793,73.08120793,73.08120793
28,British Virgin Islands,VGB,0,0,0,0,0,0,0,0,0,0,0,0,0,0,0,0,0,0,0,0,0,0,0,0,0,0,0,0
29,Brunei Darussalam,BRN,0,0,0,0,0,0,0,0,0,0,0,0,0,0,0,0,0,0,0,0,0,0.053691275,0.050890585,0.045433894,0.044385264,0.044385264,0.044385264,0.044385264
30,Bulgaria,BGR,4.456467573,5.973765357,5.793316484,5.11092981,3.849684001,5.537342363,6.83350501,6.461603435,7.465708845,7.241116284,6.57629287,3.989984839,5.202874149,7.156019656,7.649785159,9.874465569,9.357830425,6.802990428,6.643638974,8.772799132,12.57796032,7.866381465,11.43648425,16.07885022,15.74360176,15.74360176,15.74360176,15.74360176
31,Burkina Faso,BFA,4.891304348,6.701030928,9.950248756,21.86046512,33.7962963,38.69905311,26.98354662,20.08491182,23.15882875,34.64851348,25.17930328,14.71956224,17.49383055,21.56995052,21.4451722,19.46542708,14.62212486,18.1372549,21.94058767,18.90540154,20.78542367,15.45574637,15.44117647,14.43820994,10.39954205,10.39954205,10.39954205,10.39954205
32,Burundi,BDI,98.18181818,98.52941176,98.13084112,98.1981982,98.29059829,98.33333333,98.33333333,98.36065574,98.21428571,98,98.01980198,98.29059829,98.45320959,98.06763285,97.86324786,98.04496579,97.90136411,98.32578542,98.24236086,96.39363748,87.65339961,90.85730884,97.9618194,87.02056925,80.71878883,80.71878883,80.71878883,80.71878883
33,Cabo Verde,CPV,0,0,0,2.857142857,6.801007557,7.56302521,8.059023837,7.725321888,7.480314961,6.650750341,5.395437782,3.889191314,3.107329124,2.689706987,2.925253628,2.72083017,2.953084068,2.548881386,1.921199442,1.505702931,1.182578598,6.722666083,18.36674843,20.55760334,17.29165138,17.29165138,17.29165138,17.29165138
34,Cambodia,KHM,NaN,NaN,NaN,NaN,NaN,0,0,0,0,0,0.223214286,0.196463654,4.120879121,6.422018349,5.036855037,6.12033195,5.527210884,4.36534587,4.192021636,4.617834395,4.929577465,6.457739791,37.65690377,57.93025872,61.09839817,61.09839817,61.09839817,61.09839817
35,Cameroon,CMR,98.47979236,98.56088561,98.72122762,98.94067797,98.82352941,98.85098743,98.86246122,98.84910486,98.35858586,98.75592417,98.90804598,98.10787913,96.42424242,95.76547231,95.37712895,94.20579421,88.81707795,74.82357429,75.8493223,70.67266125,73.21579929,75.01261989,72.85835454,69.6194332,74.25599538,74.25599538,74.25599538,74.25599538
36,Canada,CAN,62.37871882,61.41041299,61.67921442,61.72232798,60.40045134,61.00409818,63.10607423,62.35094142,60.40605432,61.18370484,60.60030119,58.03265624,59.88641921,58.91556496,58.44631709,59.43284523,59.43601725,60.04869016,61.29461264,62.70043795,61.44132653,62.26869274,62.72577867,63.01787239,62.79930012,62.79930012,62.79930012,62.79930012
37,Cayman Islands,CYM,0,0,0,0,0,0,0,0,0,0,0,0,0,0,0,0,0,0,0,0,0,0,0,0,0,0,0,0
38,Central African Republic,CAF,81.05263158,80.85106383,81.25,80.41237113,79.20792079,79.41176471,78.84615385,78.84615385,78.84615385,78.5046729,78.5046729,76.85185185,76.85185185,76.36363636,83.33333333,83.75,83.83233533,85.0931677,85.0931677,85,84.375,84.48275862,84.74576271,85.63535912,85.79234973,85.79234973,85.79234973,85.79234973
39,Chad,TCD,0,0,0,0,0,0,0,0,0,0,0,0,0,0,0,0,0,0,0,0,0,0,0,0,0,0,0,0
40,Channel Islands,CHI,NaN,NaN,NaN,NaN,NaN,NaN,NaN,NaN,NaN,NaN,NaN,NaN,NaN,NaN,NaN,NaN,NaN,NaN,NaN,NaN,NaN,NaN,NaN,NaN,NaN,NaN,NaN,NaN
41,Chile,CHL,53.8373612,70.97339813,82.69462952,81.6647919,74.26514222,72.40518072,60.45293333,62.13472685,48.17088625,38.03073717,48.54783173,54.26159742,55.45098578,50.15695402,46.90087486,53.88308818,55.25488069,44.15559999,45.74902854,48.8274431,40.202535,39.59642689,36.44535562,35.66687196,41.18069968,41.18069968,41.18069968,41.18069968
42,China,CHN,20.40793989,18.47113079,17.58457438,18.12526017,18.0884357,19.2141393,17.55221062,17.51246602,18.06115632,16.68146593,16.63949819,18.95851917,17.6186279,15.03704033,16.22326642,16.17502498,15.59278342,15.26456598,17.73787669,17.8637982,18.62163478,16.76177043,19.96623288,20.29622738,22.60980683,22.60980683,22.60980683,22.60980683
43,Colombia,COL,76.38419011,75.68261692,68.66500729,73.25397443,78.49259823,76.4046259,82.99202066,71.64443448,69.74630822,79.86081921,75.52463768,74.33819806,76.50415168,78.788595,81.65087793,80.16965652,80.60076258,81.53339128,84.01086918,72.87791562,72.12069198,83.46528973,79.5501941,73.9990498,74.24771167,74.24771167,74.24771167,74.24771167
44,Comoros,COM,0,0,0,0,0,0,0,0,0,0,0,0,0,0,0,0,0,0,0,0,0,0,0,0,0,0,0,0
45,"Congo, Dem. Rep.",COD,99.55752212,99.58341223,99.6871398,99.69341749,99.66114458,99.70859641,99.70535276,99.62324013,99.59813875,99.54768187,99.94984955,99.91613552,99.86885246,99.88612331,99.88676575,99.90507187,99.39016307,98.89621923,98.7150616,98.90501655,98.91208096,98.88593493,99.88150099,99.8907767,99.8754388,99.8754388,99.8754388,99.8754388
46,"Congo, Rep.",COG,99.39148073,100,99.06542056,99.17127072,99.38271605,99.43502825,99.56331878,99.5584989,99.41860465,85.58558559,99.66216216,100,100,85.71428571,83.12342569,81.98614319,82.1192053,82.30958231,81.34490239,61.2244898,54.71938776,61.17556071,58.05882353,56.81685196,54.71264368,54.71264368,54.71264368,54.71264368
47,Costa Rica,CRI,97.52018454,94.8757764,82.83794788,89.92263844,90.1465798,82.74943659,90.71220325,96.9524149,91.85294661,97.84719974,99.14727562,98.51742031,98.37873754,97.89346572,99.1965916,96.71912833,93.87144993,92.02209945,92.85412708,95.15574651,93.31107169,91.22253865,91.84195007,88.31460674,89.79152393,89.79152393,89.79152393,89.79152393
48,Cote d'Ivoire,CIV,66.66666667,69.01485966,56.64864865,50.2285192,49.72469293,60.53613845,54.6961326,46.61374349,34.23669816,36.412705,36.75,36.84749232,32.65961466,36.01336741,33.66606171,27.23112128,28.68258179,33.95489256,34.75862069,37.5234202,28.28164292,30.13608788,26.4395667,21.88235294,23.93193338,23.93193338,23.93193338,23.93193338
49,Croatia,HRV,45.55285809,65.88748462,48.92159065,47.77289837,62.01983358,61.36265632,70.45556252,57.18472209,52.65409464,56.53078524,57.30267247,56.22895623,46.05273514,41.37355973,54.92552349,54.07061346,51.43542521,37.80789159,45.70847352,56.00598355,62.84130846,47.03842049,49.67431323,66.50175665,73.95802322,73.95802322,73.95802322,73.95802322
50,Cuba,CUB,10.25026624,10.33441534,12.28982493,8.807489547,7.906393648,6.132113332,7.683590209,7.069136152,6.191687871,6.789953078,6.872006386,6.569056801,6.656474935,5.363693865,5.609568888,3.180810846,3.036007044,3.046981389,3.970812829,3.924664486,3.241938265,3.226351351,3.711743,4.352142111,4.017349995,4.017349995,4.017349995,4.017349995
51,Curacao,CUW,0,0,0,0.880088009,0.823892894,0.792864222,0.784313725,0.765550239,0.720072007,0.718778077,0.713648528,2.922374429,2.789886661,2.709568163,2.644628099,2.564102564,2.6272578,2.547770701,2.576489533,2.465331279,2.418745276,2.41509434,3.489640131,3.539823009,3.591470258,3.591470258,3.591470258,3.591470258
52,Cyprus,CYP,0,0,0,0,0,0,0,0,0,0,0,0,0,0,0,0.022846699,0.021496131,0.061588996,0.295333727,0.594439118,1.371664788,3.611280179,5.448378206,7.622377622,7.287356322,7.287356322,7.287356322,7.287356322
53,Czech Republic,CZE,1.864431276,1.806030051,2.373977683,2.608517748,3.050232064,3.973586463,3.542610031,3.414983571,3.068519436,3.675244315,3.132586304,3.471455128,3.944996381,2.26888524,3.271273422,3.822728882,4.207808353,3.88541999,4.486208306,5.696659608,6.917568185,8.344462353,9.286980954,10.80431755,10.79414395,10.79414395,10.79414395,10.79414395
54,Denmark,DNK,3.175275191,2.892324531,4.398464441,4.730087714,4.295431022,5.0356385,3.88003434,6.609500169,9.546858658,11.25128469,15.45502455,15.49471229,17.28052536,17.49014853,23.55574241,27.0705733,20.17276534,26.21070302,27.57264584,27.65852184,31.98239926,40.2537682,48.32741605,45.98388953,55.87421931,55.87421931,55.87421931,55.87421931
55,Djibouti,DJI,0,0,0,0,0,0,0,0,0,0,0,0,0,0,0,0,0,0,0,0,0,0,0,0,0,0,0,0
56,Dominica,DMA,53.33333333,51.61290323,51.61290323,51.61290323,50,51.78571429,60,51.51515152,47.14285714,43.24324324,41.55844156,33.37453646,44.93116395,36.30573248,42.55050505,33.33333333,32.55269321,25.34722222,23.54285714,25,23.30978809,35.65737052,26.34170359,36.45481629,29.91311139,29.91311139,29.91311139,29.91311139
57,Dominican Republic,DOM,10.11357491,13.65853659,10.01612614,21.74481599,10.22465947,11.77651999,13.65079365,9.853510227,11.70536734,14.64880227,9.722330248,8.056909919,9.571198595,11.67069863,18.04669057,19.41839388,16.57649859,15.35191638,12.43305539,13.46033512,12.47554454,13.04019626,14.27641314,14.2760181,13.25580143,13.25580143,13.25580143,13.25580143
58,Ecuador,ECU,78.5478028,72.77028965,69.1217343,78.39697747,80.61149312,61.22909005,67.92291221,63.05732484,59.74288338,69.62553357,71.70184697,63.99095023,63.29912517,62.19469946,57.57340376,55.11637081,51.69449378,56.54165649,61.14152097,50.84818784,45.49182429,55.55880062,54.86934827,48.99187481,49.17513473,49.17513473,49.17513473,49.17513473
59,"Egypt, Arab Rep.",EGY,23.50435441,22.34964782,21.23560576,21.93698217,22.25174428,21.94807692,20.955749,20.51584857,19.41047549,21.43660121,17.70344113,18.43255445,14.64626079,14.06448631,12.99815398,12.14095133,11.73325708,13.05932278,11.90094628,10.06906475,10.04795771,9.326836334,9.479569735,8.609937519,9.048775233,9.048775233,9.048775233,9.048775233
60,El Salvador,SLV,93.19206492,73.70483239,75.86062133,68.19978441,58.94502701,57.82477341,68.50207223,53.40211935,53.43046358,64.19652552,58.06929227,54.18468583,51.38587611,57.25587703,54.64238116,58.24175824,57.38284704,56.20375151,62.51675603,56.30179558,65.04010695,62.92947559,60.23729357,60.4432398,59.69789491,59.69789491,59.69789491,59.69789491
61,Equatorial Guinea,GNQ,6.872852234,10.52631579,14.03508772,15.625,18.18181818,20.58823529,22.58064516,25.92592593,20.58823529,17.5,13.91650099,41.93548387,41.93548387,39.39393939,31.96721311,31.96721311,31.96721311,31.96721311,31.96721311,31.96721311,31.96721311,13.87900356,44.87471526,44.87471526,44.87471526,44.87471526,44.87471526,44.87471526
62,Eritrea,ERI,NaN,NaN,0,0,0,0,0,0.46728972,0.512820513,0.46728972,0.476190476,0.429184549,0.386100386,0.36101083,0.35335689,0.347222222,0.743494424,0.694444444,0.696864111,0.677966102,0.643086817,0.59347181,0.557103064,0.550964187,0.540540541,0.540540541,0.540540541,0.540540541
63,Estonia,EST,0,0,0.008452371,0.01096852,0.03277972,0.092028069,0.076897726,0.119331742,0.187771388,0.193517175,0.211441325,0.212189084,0.351823619,0.482330938,0.582298137,1.087702107,1.335799425,1.18949959,1.861827805,6.162433079,8.05307004,9.144497014,12.34227459,9.190207156,11.16021212,11.16021212,11.16021212,11.16021212
64,Ethiopia,ETH,88.35274542,89.49545079,92.74778405,91.32321041,93.3149552,93.51669941,94.19837804,97.0260223,97.09618875,98.84428224,98.6260454,99.055666,98.97260274,99.30313589,99.29105947,99.57820738,99.69409605,95.43276008,87.6356897,88.87775551,99.37751004,99.41603535,99.84227129,99.90824636,99.90639626,99.90639626,99.90639626,99.90639626
65,Faroe Islands,FRO,35.5450237,36.94581281,42.21105528,41.24917555,43.75,44,39.01098901,42.07650273,40.83769634,35.14851485,36.15023474,33.18965517,40.66390041,35.74297189,40.96385542,44.48979592,44.61538462,44.61893644,39.46249307,38.98369676,28.8986539,39.08370855,37.9151861,38.43621596,50.80758438,50.80758438,50.80758438,50.80758438
66,Fiji,FJI,82.44111349,81.56779661,81.22362869,79.34782609,78.40466926,70.67665441,61.76971235,66.19939738,66.2329553,64.35705181,60.23105021,63.76941153,58.85018105,42.33162683,45.01957122,41.15715192,40.62578869,61.22454838,64.94264003,60.12952078,50.29389261,57.59392715,66.23115866,62.12769679,47.16629815,47.16629815,47.16629815,47.16629815
67,Finland,FIN,29.45179028,31.38171283,34.75097445,31.82599584,27.82221816,30.52237058,25.60217952,29.1300451,34.78558297,30.51240336,33.41002629,28.92758371,26.45587352,22.60868534,29.85730095,33.24927035,27.29371173,29.93784233,35.8779316,30.10864588,29.99107519,32.89070897,40.56184403,35.96699272,38.58105826,38.58105826,38.58105826,38.58105826
68,France,FRA,13.36987864,13.22019787,15.45397827,14.23835419,17.05819513,15.36112508,13.44862126,13.26453416,12.76785749,14.4667397,12.96787647,14.25637189,11.59727616,11.23001795,11.24298852,9.860646697,10.94757583,11.69092631,12.97920893,13.12716357,13.85735931,11.57458832,14.80619657,17.04519207,16.41103165,16.41103165,16.41103165,16.41103165
69,French Polynesia,PYF,18.60274914,17.95099338,28.70662461,29.41176471,28.95522388,36.10315186,35.2238806,35.1744186,46.90630151,34.53671233,33.33333333,24.02826855,22.68041237,26.0051495,28.01912908,28.51236133,30.45814307,32.4231441,29.79171848,29.10687703,34.20441298,29.98566015,28.02489944,27.16119062,31.71712689,31.71712689,31.71712689,31.71712689
70,Gabon,GAB,72.39263804,72.58883249,72.50755287,71.87187187,70.82551595,70.23705004,64.00329489,64.96815287,60.98287416,63.10240964,61.59695817,62.89978678,62.75303644,59.15309446,58.50649351,52.09656925,57.23723724,46.65513264,49.50603732,51.9346049,47.41200828,41.76094442,42.77080428,41.69611307,34.09378961,34.09378961,34.09378961,34.09378961
71,"Gambia, The",GMB,0,0,0,0,0,0,0,0,0,0,0,0,0,0,0,0,0,0,0,0,0,0,0,0,0,0,0,0
72,Georgia,GEO,55.20985136,57.1351601,58.31091985,63.1468197,61.42960813,63.80917341,83.48406846,84.41993578,83.06609308,83.84745542,78.93318966,79.89044255,93.24789858,91.1452514,87.36279607,85.8125774,72.93810896,81.82909265,84.72731575,86.6090208,92.52271829,77.39846969,74.50232078,82.22487325,80.36833478,80.36833478,80.36833478,80.36833478
73,Germany,DEU,3.486350771,3.168752543,3.697964293,3.927370442,4.461686389,4.866989231,4.821397117,4.208309687,4.508169269,5.197223756,6.198531223,6.512444018,7.642700282,7.552977702,9.267474493,10.15021111,11.32201311,13.93800806,14.6992339,16.07855368,16.72707367,20.38328272,23.00045854,24.07254975,26.13009657,26.13009657,26.13009657,26.13009657
74,Ghana,GHA,100,100,100,99.65151275,99.54173486,99.68933944,99.96982043,99.49172234,77.53036437,83.58667529,91.49937699,84.09466853,69.24240341,66.06596396,87.44825302,82.92575133,66.65480427,53.4107194,74.42335416,76.76936816,68.81085866,67.50892857,67.12408516,63.98881206,64.73038648,64.73038648,64.73038648,64.73038648
75,Gibraltar,GIB,0,0,0,0,0,0,0,0,0,0,0,0,0,0,0,0,0,0,0,0,0,0,0,0,0,0,0,0
76,Greece,GRC,5.092739037,8.675824637,5.942243116,6.109552403,6.530298903,8.629748904,10.34165665,9.050170932,8.200519706,9.626480413,7.756668226,5.524154043,6.630827695,10.17528711,10.06240117,10.77961196,12.76026521,7.325668543,9.139750763,13.39738763,18.34155525,13.76157642,16.70369091,25.12343734,24.18806984,24.18806984,24.18806984,24.18806984
77,Greenland,GRL,0,0,0,0,0,0,0,0,0,65.8218126,65.03230711,57.06521739,65.43032049,64.24740794,56.96052241,57.19515629,51.18767946,52.42993057,52.04949729,46.27662034,55.51527364,59.78984401,60.03569769,66.44918946,68.34753765,68.34753765,68.34753765,68.34753765
78,Grenada,GRD,0,0,0,0,0,0,0,0,0,0,0,0,0,0,0,0,0,0,0,0,0,0,0,0,0,0,0,0
79,Guam,GUM,0,0,0,0,0,0,0,0,0,0,0,0,0,0,0,0,0,0,0,0,0,0,0,0,0,0,0,0
80,Guatemala,GTM,91.62854529,89.5888014,62.75121275,66.27260083,65.26655897,66.4399093,68.64431919,68.22241429,55.72262118,57.01331275,51.71957672,47.97677992,41.73800678,49.21421492,44.77961253,47.48415952,51.95934362,47.62448607,55.4140858,49.11020228,63.84797031,64.43742512,66.88270293,67.16733871,68.60606061,68.60606061,68.60606061,68.60606061
81,Guinea,GIN,33.78378378,34.03441683,34.28571429,34.33962264,34.58646617,34.45065177,43.78980892,44.79004666,51.56054931,52.75397797,55.96933187,57.26141079,58.62068966,44.49388209,57.04008222,54.22612514,52.80641466,55.29290853,49.18570336,46.00677156,49.46775204,46.50640306,45.83644511,48.43247588,48.27586207,48.27586207,48.27586207,48.27586207
82,Guinea-Bissau,GNB,0,0,0,0,0,0,0,0,0,0,0,0,0,0,0,0,0,0,0,0,0,0,0,0,0,0,0,0
83,Guyana,GUY,1.602564103,2,2.145922747,2.083333333,0.881834215,0.872600349,0.726849833,0.631313131,0.585480094,0,0,0,0,0,0,0,0,0,0,0,0,0,0,0,0,0,0,0
84,Haiti,HTI,79.39698492,74.57264957,75.88652482,75.27472527,82.91814947,51.11111111,44.95867769,33.05785124,46.15384615,58.02292264,51.73674589,47.64309764,47.53199269,47.6635514,47.53199269,47.6618705,47.54385965,32.90598291,37.24279835,28.71012483,30.15332198,12.83138918,20.09090909,13.36492891,8.712487899,8.712487899,8.712487899,8.712487899
85,Honduras,HND,98.27511859,98.55072464,93.55527102,88.1342701,77.81584582,61.32697947,66.48190414,66.48596939,56.31039531,62.14722141,61.91128149,49.25334706,39.96590356,39.17548501,29.96702391,32.94663573,36.92821369,37.60063141,37.99053291,44.75471698,47.80876494,46.7790409,49.30232558,46.7550161,43.82931077,43.82931077,43.82931077,43.82931077
86,"Hong Kong SAR, China",HKG,0,0,0,0,0,0,0,0,0,0,0,0,0,0,0,0,0.002589533,0.002567262,0.002631995,0.002581844,0.242269518,0.204561727,0.234270415,0.242606875,0.248107864,0.248107864,0.248107864,0.248107864
87,Hungary,HUN,0.685750457,0.727563996,0.643837778,0.622816345,0.614650157,0.643776824,0.732402394,0.759951408,0.578112396,0.65024318,0.690517462,0.705753124,0.655474735,0.984038659,2.776788893,5.229891487,4.163529379,4.712212212,5.888819488,8.062270246,8.081132429,7.518254255,7.639670853,9.204054009,10.68060332,10.68060332,10.68060332,10.68060332
88,Iceland,ISL,99.86696231,99.84423676,99.86801584,99.89422467,99.89539749,99.81931339,99.90240094,99.92839241,99.92039484,99.93043962,99.93492972,99.9502054,99.92870722,99.92941176,99.95361243,99.9424361,99.95971803,99.97495199,99.9878545,99.98811928,99.98827598,99.98837952,99.98290501,99.97240009,99.98344554,99.98344554,99.98344554,99.98344554
89,India,IND,24.48929396,22.80740221,20.75265214,19.55881334,21.21909967,17.26053911,15.76729394,16.01513081,16.70110829,15.25807575,13.59094803,13.20704353,12.05516116,13.46942476,14.4825005,16.61901808,17.54042472,17.86408569,16.50983374,15.66005525,16.04374444,17.31696286,15.73297336,16.85248182,15.40960915,15.40960915,15.40960915,15.40960915
90,Indonesia,IDN,20.9171335,20.55704339,23.83831571,19.7753304,15.65676233,16.4630953,15.53068336,10.33942139,15.76539635,14.12326136,15.95606751,17.47486519,14.9532883,13.6385363,13.60651781,13.60553286,12.2587772,12.9038839,13.31583247,13.2330616,15.85402492,11.99289052,11.24107732,12.33713525,11.43619698,11.43619698,11.43619698,11.43619698
91,"Iran, Islamic Rep.",IRN,10.29237589,11.00333718,13.87675462,12.89039945,9.0927966,8.576034643,8.134966489,7.087403467,6.80429908,4.419703104,3.037843271,3.910769018,5.72862754,7.229753441,6.394756707,9.080342303,9.544742114,8.887864853,2.423437281,3.369923657,4.163393559,5.122640095,4.985527537,5.707720798,5.195386896,5.195386896,5.195386896,5.195386896
92,Iraq,IRQ,10.83333333,4.324843825,2.766798419,2.281368821,2,1.916417308,1.897406877,1.915026863,1.916303118,1.916801318,1.915360502,1.916219652,1.5267401,1.527875794,1.526552098,19.73684211,18.02323862,17.25787526,9.447516808,8.526435385,9.746871677,6.30206111,9.544091442,8.142480572,4.325050171,4.325050171,4.325050171,4.325050171
93,Ireland,IRL,4.898446834,4.996651038,5.209125475,4.830020435,5.579985738,4.141104294,4.032769556,4.108893291,5.603985056,5.164254537,5.005702699,4.169373173,5.562935233,4.577450625,5.528455285,7.308983064,9.127452427,10.03339678,11.99679016,14.69346877,13.0805388,19.74594162,19.17263035,21.79323177,24.52467832,24.52467832,24.52467832,24.52467832
94,Isle of Man,IMN,NaN,NaN,NaN,NaN,NaN,NaN,NaN,NaN,NaN,NaN,NaN,NaN,2.097902098,1.598332175,1.743264659,0.598251266,0.884955752,0.454447089,0.635930048,0.638257931,0.602530629,0.621740874,1.486988848,0.793650794,0.793650794,0.793650794,0.793650794,0.793650794
95,Israel,ISR,0.014355441,0.027888817,0.115335667,0.099942341,0.080917534,0.082169269,0.073775783,0.071225071,0.065867475,0.084151473,0.072665901,0.045505222,0.07032967,0.091409621,0.082489054,0.080243611,0.049448159,0.0446163,0.056138381,0.179973822,0.290146951,0.50436502,0.768217386,0.931150321,1.514478812,1.514478812,1.514478812,1.514478812
96,Italy,ITA,16.37602218,20.84651337,20.55391884,20.57976291,21.08944653,17.46600158,19.30801427,18.74300271,18.32252469,19.79325375,18.84819275,19.98867206,17.40880331,16.37080041,18.21338373,16.31821857,16.45644494,15.48072493,18.55119336,24.01893631,25.76035987,27.59472872,31.02039032,38.90534856,43.39160638,43.39160638,43.39160638,43.39160638
97,Jamaica,JAM,7.567127746,6.735751295,4.47611903,5.249274598,5.507853403,5.163835992,5.879430275,5.931254996,4.922839506,4.8267514,4.844081138,3.455528846,2.249783675,2.518891688,3.283912983,3.691727297,3.947544494,4.969979987,6.13931523,7.366984993,7.685185185,8.726523133,10.92415871,9.842223892,9.772065955,9.772065955,9.772065955,9.772065955
98,Japan,JPN,11.25473751,11.85673487,10.16288776,11.45452775,7.993026253,9.416323187,9.146209229,9.85379466,9.929944802,9.224743268,9.116049011,8.965438076,8.708705683,10.02210957,9.795827169,8.407113732,9.449098226,8.201786899,8.789326611,9.145716508,10.53764649,11.4700508,11.20194411,12.21411031,14.02759939,14.02759939,14.02759939,14.02759939
99,Jordan,JOR,0.329851567,0.214822771,0.361827227,0.483091787,0.295508274,0.338319088,0.379663255,0.319284802,0.23721275,0.240079085,0.569491525,0.67558617,0.750122971,0.625469102,0.691424111,0.673296043,0.539568345,0.569186986,0.534759358,0.483464126,0.494010963,0.450604219,0.421788383,0.370735098,0.362239297,0.362239297,0.362239297,0.362239297
100,Kazakhstan,KAZ,8.429943121,8.373650912,8.302197071,9.850989102,13.82441978,12.49756229,12.41742606,12.49807692,12.49567606,12.91001726,14.67344712,14.21284978,15.23773611,13.50483826,12.03525282,11.57899391,10.84053198,10.66738035,9.287039227,8.739677296,9.706458873,9.10424318,8.231250741,7.505383854,7.877755358,7.877755358,7.877755358,7.877755358
101,Kenya,KEN,92.85935085,95.34071054,95.71303587,96.37721239,94.26386233,89.83133708,90.50292398,83.43353373,81.98354266,66.38067284,46.9795307,66.59282233,78.0167778,83.61411953,74.98603092,71.66236003,70.34087289,71.60055564,63.13069909,55.29151292,69.06951582,66.87298517,74.77653973,69.28796755,81.48628213,81.48628213,81.48628213,81.48628213
102,Kiribati,KIR,0,0,0,0,0,0,0,0,0,0,0,0,0,0,0,0,0,0,0,0,0,0,0,0,0,0,0,0
103,"Korea, Dem. Peopleâ€™s Rep.",PRK,56.31768953,57.03422053,57.48987854,60.18099548,59.74025974,61.73913043,58.68544601,55.44041451,60,55.37634409,52.57731959,52.47524752,53.70145631,55.81483951,56.88799891,57.31494413,56.25139291,61.70143567,60.62486533,59.16599612,61.85376662,68.65702694,70.18091079,75.82369627,72.58920096,72.58920096,72.58920096,72.58920096
104,"Korea, Rep.",KOR,6.037714362,3.078892764,2.491077457,2.957318139,1.452115427,1.662811432,1.396806594,1.303384748,2.010006063,1.806906739,1.424828265,1.377382843,1.041224485,1.492754763,1.26318833,1.044669145,0.99883163,1.069956915,0.985504635,1.037690734,1.245374639,1.438122653,1.335945078,1.632858702,1.566687734,1.566687734,1.566687734,1.566687734
105,Kosovo,XKX,NaN,NaN,NaN,NaN,NaN,NaN,NaN,NaN,NaN,NaN,1.75853906,1.390374332,1.399730821,1.432506887,2.768250857,2.512337371,2.277852954,1.944157187,1.472297559,2.411575563,3.037925697,1.810032753,1.615345785,2.191570881,2.777777778,2.777777778,2.777777778,2.777777778
106,Kuwait,KWT,0,0,0,0,0,0,0,0,0,0,0,0,0,0,0,0,0,0,0,0,0,0,0,0,0,0,0,0
107,Kyrgyz Republic,KGZ,63.47571828,63.9740491,66.71984916,79.32419453,89.58508443,77.82989149,77.91340835,76.54182709,79.83139301,85.90024761,85.89511754,85.90766079,85.90840463,85.906854,85.8794003,85.8773756,85.8775735,85.87997303,85.87666469,92.18623116,91.80165289,93.27747724,93.47969409,93.47655414,91.2572056,91.2572056,91.2572056,91.2572056
108,Lao PDR,LAO,94.87756994,94.88011913,94.58991696,95.53415504,96.53658677,96.18790744,96.66882754,96.59200462,92.45806782,91.47560342,86.76549874,86.57366064,86.24573939,86.14101889,86.69779516,87.10029038,87.29374498,92.23392837,92.80862625,92.2566961,92.0107865,92.1103914,92.1103914,93.2900917,93.15068493,93.15068493,93.15068493,93.15068493
109,Latvia,LVA,67.62936221,58.02622254,65.75378195,73.29255861,74.43693694,73.81251571,59.53294946,65.5792277,74.48680352,67.12895377,68.25435203,66.3317757,62.51572327,58.81761006,68.15952229,69.58825927,56.96176651,59.27478516,60.90254077,63.85347459,54.85136563,50.4922875,66.62883087,56.917378,54.54191791,54.54191791,54.54191791,54.54191791
110,Lebanon,LBN,33.33333333,18.66666667,19.09307876,15.78947368,15.76003086,13.57697406,11.45728643,10.58132707,7.745436606,3.330324004,4.654296673,3.312444047,5.843820031,10.85882728,9.0710294,8.477873237,6.024618585,4.860418744,2.801983173,4.516738073,5.339867617,4.919034525,6.792121948,7.256819352,1.075089127,1.075089127,1.075089127,1.075089127
111,Lesotho,LSO,NaN,NaN,NaN,NaN,NaN,NaN,NaN,NaN,NaN,100,100,100,100,100,100,100,100,100,100,100,100,100,100,100,100,100,100,100
112,Liberia,LBR,0,0,0,0,0,0,0,0,0,0,0,0,0,0,0,0,0,0,0,0,0,0,0,0,0,0,0,0
113,Libya,LBY,0,0,0,0,0,0,0,0,0,0,0,0,0,0,0,0,0,0,0,0,0,0,0,0,0,0,0,0
114,Liechtenstein,LIE,NaN,NaN,NaN,NaN,NaN,NaN,NaN,NaN,NaN,NaN,NaN,NaN,NaN,NaN,NaN,NaN,NaN,95.02074689,94.53781513,94.22535211,94.55696203,94.60580913,95.69266589,96.014068,93.81188119,93.81188119,93.81188119,93.81188119
115,Lithuania,LTU,1.457489879,1.151108538,1.676730645,2.820439213,4.633521271,2.75887574,2.007265562,2.057269947,2.431061622,3.170601268,3.057279022,2.283804484,2.070082109,1.763331209,2.282423208,3.191120361,3.601887886,4.31328879,4.517145644,4.67117394,18.24189027,26.18935469,26.12055641,36.21262458,40.74973031,40.74973031,40.74973031,40.74973031
116,Luxembourg,LUX,13.30128205,13.98002853,12.42424242,12.22056632,17.50433276,21.97125257,17.04545455,25.36945813,39.07103825,33.88888889,40.99526066,19.37716263,5.341880342,5.01972033,5.765819042,6.302270012,6.970813262,8.278662918,10.38151137,8.470812183,8.26625387,9.283018868,11.17156329,20.01081666,20.93389297,20.93389297,20.93389297,20.93389297
117,"Macao SAR, China",MAC,0,0,0,0,0,0,0,0,0,0,0,0,0,0,0,0,0,0,0,0,0,0,0,0,0,0,0,0
118,"Macedonia, FYR",MKD,8.527266412,14.69670711,13.98186315,10.07722008,11.70230679,13.06262231,12.79927722,13.36699837,15.36606129,20.23896255,17.17809426,9.839673059,12.42817271,20.39180766,22.22888856,21.48308135,23.55124179,15.54324408,13.31009349,18.59988284,33.48484848,21.21615624,16.67198978,26.14046603,24.04168217,24.04168217,24.04168217,24.04168217
119,Madagascar,MDG,57.64939868,57.16461002,54.04635897,59.4005545,58.9666411,62.05020795,64.94810811,66.55461143,65.09851035,61.84781011,61.12598031,59.61936438,60.2930672,59.76263893,56.23206107,56.40335918,54.35330469,58.84979913,54.94027756,58.17038361,52.28404409,48.0184969,49.68898011,50.73996952,53.27464576,53.27464576,53.27464576,53.27464576
120,Malawi,MWI,98.05013928,98.04177546,97.98234552,84.36482085,84.15529906,84.25531915,81.56028369,82.50460405,82.50652742,82.51689189,84.25774878,85.95649392,85.96800122,87.33428208,85.94777891,85.78923505,85.74679224,86.78871846,89.87224145,90.68945652,91.05522721,90.85165849,91.06789505,91.37024377,91.37024377,91.37024377,91.37024377,91.37024377
121,Malaysia,MYS,17.33142162,16.60138596,14.87431359,14.02746193,16.68542199,13.68615547,10.08829936,6.691083738,7.996903362,11.53557249,10.05847953,9.929097969,7.144877372,6.443308823,7.086432356,6.28016402,7.172436825,6.656343574,7.628756352,7.005853297,5.992659433,6.714368594,7.383484272,8.57764478,9.707802996,9.707802996,9.707802996,9.707802996
122,Maldives,MDV,0,0,0,0,0,0,0,0,0,0,0,0,0,0,0,0,0,0,0,0,0.315654105,0.335008375,0.602006689,0.656023774,0.608069077,0.608069077,0.608069077,0.608069077
123,Mali,MLI,74.08906883,71.875,75.81227437,73.57859532,78.62318841,72.11538462,63.28358209,58.56777494,31.95020747,30.68783069,30.35935564,38.91891892,45.15522107,51.51267375,51.48833467,50.59008655,48.76219055,46.69978708,44.96961512,72.46085602,53.79560688,52.62734992,57.49284404,64.79330305,42.87441124,42.87441124,42.87441124,42.87441124
124,Malta,MLT,0,0,0,0,0,0,0,0,0,0,0,0,0,0,0,0,0,0,0,0,0.04730369,0.458926113,1.133391456,1.554864505,3.340757238,3.340757238,3.340757238,3.340757238
125,Marshall Islands,MHL,NaN,NaN,0,0,0,0,0,0,0,0,0,0,0,0,0,0,0,0,0,0,0,0,0.257400257,0.23923445,0.234741784,0.234741784,0.234741784,0.234741784
126,Mauritania,MRT,10.60220526,10.27115859,10.06581494,9.878419453,10.10830325,8.218446303,8.068159814,8.085054776,8.230368,0,0,0,0,0,0,0,0,0,0,0,0,0,0,0,0,0,0,0
127,Mauritius,MUS,31.15384615,30.1050175,32.68817204,27.70475228,22.80534351,26.84391081,25.9230165,24.51751251,27.63328999,20.75709779,29.64004499,28.72841444,27.58974359,27.23342939,27.34411085,25,22.25531915,22.39350913,23.23034806,23.63213038,24.32130904,20.21237642,20.7007508,20.60249307,20.3135651,20.3135651,20.3135651,20.3135651
128,Mexico,MEX,24.69331906,22.3885821,25.65555756,25.39635742,19.02182409,23.65022857,24.66469234,19.95725194,17.58655872,20.90752441,19.8040598,17.10563209,15.05583789,12.12571491,14.44842434,15.18040189,15.3171678,14.06971132,17.54302582,12.94733225,16.60285189,14.88713113,13.78633636,13.29954326,17.54351633,17.54351633,17.54351633,17.54351633
129,"Micronesia, Fed. Sts.",FSM,NaN,NaN,0,0,0,0,0,0,0,0,0,0,0,0,0,0,0,0,0,0,0,0,0,0,0,0,0,0
130,Moldova,MDA,1.584365945,2.319245082,1.999073788,3.230808995,2.931561742,4.249180328,4.979591837,5.921562548,5.84496124,6.23655914,6.724937567,6.292772492,6.507854307,6.313850276,6.470992104,6.293823038,6.188443861,6.383338977,6.459647957,5.776056793,6.657942091,6.08365019,4.636332299,6.969494545,6.204447767,6.204447767,6.204447767,6.204447767
131,Monaco,MCO,NaN,NaN,NaN,NaN,NaN,NaN,NaN,NaN,NaN,NaN,NaN,NaN,NaN,NaN,NaN,NaN,NaN,NaN,NaN,NaN,NaN,NaN,NaN,NaN,NaN,NaN,NaN,NaN
132,Mongolia,MNG,0,0,0,0,0,0,0,0,0,0,0,0,0,0,0,0,0,0,0,0,0,0,0,1.693227092,3.162202381,3.162202381,3.162202381,3.162202381
133,Montenegro,MNE,NaN,NaN,NaN,NaN,NaN,NaN,NaN,NaN,NaN,NaN,NaN,NaN,NaN,NaN,NaN,65.15363128,59.28184282,59.8880597,54.42008487,75.03623188,68.37394331,45.3313253,51.93389592,63.47275032,55.19848771,55.19848771,55.19848771,55.19848771
134,Morocco,MAR,12.67137516,13.31884845,9.918715917,4.470232089,7.323452485,5.052927555,15.60855001,15.32406386,13.70296114,6.397828616,6.079452694,7.158048651,6.852641943,10.00723851,10.20615645,6.143079316,5.945428917,6.000904659,5.967898833,13.99385197,17.43409936,10.78941054,8.629961588,14.64795845,12.38781048,12.38781048,12.38781048,12.38781048
135,Mozambique,MOZ,62.55506608,68.57749469,78.125,87.75510204,92.65822785,92.89215686,94.32773109,97.21393035,99.60664336,99.68871595,99.54620462,99.62978544,99.70106986,99.66076831,99.6073075,99.84192699,99.86428717,99.91913411,99.91406095,99.92336261,99.88599544,99.88116459,99.86153238,97.65693186,91.15757439,91.15757439,91.15757439,91.15757439
136,Myanmar,MMR,48.14366425,46.32050803,50.66755674,50.36927622,44.9081803,40.04932182,41.8504436,37.93025872,22.92824354,22.37551196,36.96756546,38.85689913,41.65351223,38.24884793,42.93100374,49.81715426,53.9422453,56.55571183,61.4768952,75.47386559,67.67864245,76.18565059,72.36302646,72.04213277,62.36490782,62.36490782,62.36490782,62.36490782
137,Namibia,NAM,NaN,95.17638589,98.20512821,82.86203942,76.88787185,96.84030743,95.63269877,95.01557632,97.35034347,96.69148056,99.21819474,100,99.58012596,99.85925405,99.12980421,99.75903614,94.14694894,97.84263959,88.74045802,94.56375839,95.55555556,98.18181818,97.80888618,95.56724267,99.13217623,99.13217623,99.13217623,99.13217623
138,Nauru,NRU,0,0,0,0,0,0,0,0,0,0,0,0,0,0,0,0,0,0,0,0.469483568,0.442477876,0.432900433,0.421940928,0.411522634,0.215534446,0.215534446,0.215534446,0.215534446
139,Nepal,NPL,99.88610478,96.56652361,94.69525959,93.35476956,91.98019802,96.90635452,96.72399672,90.84687767,90.48,95.46684709,98.37251356,99.03588645,99.81158738,99.82355536,99.4210091,99.36833794,99.52692868,99.67765043,99.6799431,99.58266453,99.90648379,99.94272623,99.46509009,99.71566676,99.97366342,99.97366342,99.97366342,99.97366342
140,Netherlands,NLD,1.120393667,1.256382693,1.290615474,1.440449701,1.580322597,1.730999051,2.125891153,2.331172058,2.555012896,2.890913284,3.315817072,3.525404909,4.140402788,4.092214258,5.243345782,7.4508862,8.146064574,7.21057386,8.861759893,9.531097448,9.387943322,10.81228118,12.11446495,11.97511205,11.32104663,11.32104663,11.32104663,11.32104663
141,New Caledonia,NCL,40.19180471,29.31623932,24.74977252,18.8976378,20.7957958,16.18374558,26.53198653,23.88451444,24.95285984,29.13580247,27.29483283,21.63100058,18.75357347,18.65756542,20.08343266,18.95910781,16.88034188,22.17030114,26.40646602,22.60104906,15.01302114,18.71026941,20.1582237,20.43930783,13.35092912,13.35092912,13.35092912,13.35092912
142,New Zealand,NZL,80.00619867,77.18945219,72.58770596,77.02407002,82.05216493,83.85280905,79.06396512,70.09350831,75.6460704,69.52428802,71.50100645,63.55503892,69.47746683,65.9955367,71.85742854,64.23617576,64.47869364,65.5717845,64.24106939,71.70736198,73.16382922,76.03958169,71.86398554,74.26094996,79.11739719,79.11739719,79.11739719,79.11739719
143,Nicaragua,NIC,61.35895676,60.2521566,50.9456986,57.00288184,48.45360825,45.44474394,43.5022579,41.7603912,27.84642542,27.37765466,21.395151,19.8015873,24.58015267,27.05627706,27.72073922,34.61160275,30.05743459,28.99002494,35.52514133,30.90066609,37.00464608,33.9958159,42.81815927,52.34206101,53.89288929,53.89288929,53.89288929,53.89288929
144,Niger,NER,NaN,NaN,NaN,NaN,NaN,NaN,NaN,NaN,NaN,NaN,0,0,0,0,0,0.516795866,0.519480519,0.531914894,0.748129676,0.674157303,0.606060606,0,0,0.58910162,0.579710145,0.579710145,0.579710145,0.579710145
145,Nigeria,NGA,32.58560499,41.8648973,40.84535526,38.41433988,35.81224647,34.68499716,33.86074001,34.70248806,38.21719277,38.21244328,38.21552251,38.21627215,38.21768392,36.90051526,33.40061792,33.00055227,27.10082215,27.09983462,27.10090005,22.90033878,24.40182229,21.76148554,19.71364871,18.43991275,17.59131293,17.59131293,17.59131293,17.59131293
146,Northern Mariana Islands,MNP,NaN,NaN,0,0,0,0,0,0,0,0,0,0,0,0,0,0,0,0,0,0,0,0,0,0,0,0,0,0
147,Norway,NOR,99.79195961,99.80101842,99.81726894,99.80370537,99.64299387,99.66214558,99.49951288,99.57735262,99.61608163,99.5608691,99.71510971,99.52030463,99.5830774,99.39907565,99.35063166,99.4717476,99.31613074,99.13453626,99.40296182,96.57044259,95.7326474,96.49442114,97.95491121,97.70666267,97.68760815,97.68760815,97.68760815,97.68760815
148,Oman,OMN,0,0,0,0,0,0,0,0,0,0,0,0,0,0,0,0,0,0,0,0,0,0,0,0,0,0,0,0
149,Pakistan,PAK,44.92607438,44.55886649,43.25343167,38.37617976,42.68135562,40.74301666,35.27780127,35.49191537,34.31099835,29.32198237,25.24223384,26.15076626,29.52419951,33.33415811,29.97932943,32.96200963,32.53438954,30.00909462,30.32658051,29.46086811,33.70380573,29.98948365,31.06059818,31.00618779,30.22173686,30.22173686,30.22173686,30.22173686
150,Palau,PLW,NaN,NaN,0,0,0,0,0,0,0,0,0,0,0,0,0,0,0,0,0,0,0,0,0,0,0,0,0,0
151,Panama,PAN,85.26869598,74.40860215,66.72407854,74.26120114,71.97262719,69.13895993,79.00104603,72.17970871,51.61059413,68.86462882,70.43175772,49.21935988,64.59474778,51.00430416,66.01284499,64.3041016,60.17699115,57.69826518,62.07003891,56.68835864,57.1041582,52.68473536,62.93153551,57.92587631,55.79842791,55.79842791,55.79842791,55.79842791
152,Papua New Guinea,PNG,25.69832402,25.69832402,25.69832402,25.69832402,62.42236025,55.33672173,53.61000569,43.69230769,39.9724011,55.05861919,47.07121787,34.64830666,32.27036395,29.23222152,24.36801881,32.72251309,39.33691756,51.12277632,50.56980057,51.2908778,49.60066097,49.45444626,48.53878852,44.11129767,44.11129767,44.11129767,44.11129767,44.11129767
153,Paraguay,PRY,99.97425051,99.96252257,99.95947091,99.95546507,99.98077821,99.7182565,99.96653877,99.9783737,99.97838178,99.97113719,100,100,100,100,100,100,100,100,100,100,99.99815041,99.99826464,99.99501951,99.99503155,99.98914656,99.98914656,99.98914656,99.98914656
154,Peru,PER,76.80330243,80.27206187,74.8513946,80.41599136,81.09164251,80.29608523,77.92959704,74.42469494,74.99327052,77.06932773,81.98754645,85.52314949,82.91406996,81.70912581,72.88806432,72.26950076,73.29483149,66.7100999,60.13259328,60.59096845,57.7208136,56.76006425,55.23315543,53.88025584,52.19320403,52.19320403,52.19320403,52.19320403
155,Philippines,PHL,45.42484901,42.50847986,39.1959799,40.24605892,39.97899642,36.84383007,36.93195742,33.43468101,33.62355092,44.49217996,42.89026275,37.2922423,35.64280851,33.41896487,33.73125793,32.3651599,36.02838878,31.59987251,33.9159172,32.58506807,26.29830829,28.65589222,28.44448101,26.40368825,25.59731822,25.59731822,25.59731822,25.59731822
156,Poland,POL,1.095115872,1.136158158,1.238072647,1.175452841,1.338394826,1.426569957,1.461818491,1.512754107,1.799376292,1.679988,1.62878735,1.936390646,1.941768012,1.499910005,2.102261554,2.476200285,2.669129905,3.420235448,4.271217116,5.742418327,6.931102751,8.053678932,10.43775624,10.40531148,12.51861105,12.51861105,12.51861105,12.51861105
157,Portugal,PRT,34.74519485,33.148391,18.6716116,30.49311446,37.15297722,28.32237437,45.87363834,41.68961275,36.37087863,20.1434493,29.66891082,34.09504419,21.32092004,38.05378216,27.47005153,17.88343293,32.36577734,34.58290686,32.19194652,36.96495695,52.80773314,46.47510022,42.50043883,58.31915146,60.740199,60.740199,60.740199,60.740199
158,Puerto Rico,PRI,1.74694285,1.787805931,1.774622893,0.797292647,0.254340374,0.53341868,0.737062206,0.464883779,0.515570221,0.724867485,0.733473916,0.941619586,0.949257853,1.086184568,0.571783717,0.552840317,0.569206718,0.665692483,0.674828049,0.729393033,0.565171318,0.664225988,0.562609729,1.078508026,1.630638745,1.630638745,1.630638745,1.630638745
159,Qatar,QAT,0,0,0,0,0,0,0,0,0,0,0,0,0,0,0,0,0,0,0,0,0,0,0,0,0,0,0,0
160,Romania,ROU,17.74401717,25.68174216,21.59239782,23.01716057,23.66149158,28.16623359,25.6805216,30.65724085,35.31105129,36.06783672,28.45534717,27.70393198,29.32127524,24.05150526,29.23414574,34.02117382,29.28369778,25.94976732,26.51641111,26.93579952,33.48785034,26.31494056,25.39558308,34.42155255,41.6060857,41.6060857,41.6060857,41.6060857
161,Russian Federation,RUS,15.33814104,15.69414031,17.0465566,18.14990447,20.00717812,20.42662271,18.12705781,18.80051466,19.19112939,18.99243743,18.72960564,19.56702383,18.26085783,17.07669458,18.95623747,18.20252976,17.49382461,17.52064093,15.91410503,17.64404648,16.12058881,15.80302393,15.56373111,17.17463022,16.5682512,16.5682512,16.5682512,16.5682512
162,Rwanda,RWA,97.66081871,97.63313609,97.72727273,97.48427673,97.5308642,97.56097561,97.4025974,97.22222222,96.92307692,96.96969697,96.46017699,97.79789899,98,98.3277592,58.66388309,55.77249576,22.49560633,25.63172531,37.06940874,39.81481481,39.84347207,43.21273517,46.18320611,35.85088356,39.02541483,39.02541483,39.02541483,39.02541483
163,Samoa,WSM,40,40,41.66666667,41.66666667,39.0625,38.46153846,33.78378378,36.58536585,36.14457831,35.29411765,49.57081545,44.49499545,50.0393391,47.82608696,47.34848485,46.15384615,45.25862069,45.03816794,40.66390041,34.30851064,41.04991394,30.87719298,31.39931741,29.51907131,29.51907131,29.51907131,29.51907131,29.51907131
164,San Marino,SMR,NaN,NaN,NaN,NaN,NaN,NaN,NaN,NaN,NaN,NaN,NaN,NaN,NaN,NaN,NaN,NaN,NaN,NaN,NaN,NaN,NaN,NaN,NaN,NaN,NaN,NaN,NaN,NaN
165,Sao Tome and Principe,STP,53.33333333,53.33333333,46.66666667,43.75,35.29411765,33.33333333,31.57894737,30,27.27272727,28.57142857,26.05363985,18.18181818,19.36507937,22.89855072,16.62198391,10.14492754,18.60465116,22.22222222,16.84210526,13.46153846,8.391608392,10,10.44776119,10.44776119,10.44776119,10.44776119,10.44776119,10.44776119
166,Saudi Arabia,SAU,0,0,0,0,0,0,0,0,0,0,0,0,0,0,0,0,0,0,0,0,0,0,0.00036808,0.000352092,0.000320712,0.000320712,0.000320712,0.000320712
167,Senegal,SEN,4.656084656,4.540763674,4.27756654,4.339440694,4.205607477,4.06360424,3.906899418,3.718048025,3.618906942,3.576537911,3.304239401,3.276955603,12.91585127,18.34264432,14.92932862,12.6572327,11.84911849,8.320783133,9.777138749,10.21693492,10.72821847,10.69501745,9.826086957,10.41842179,10.43175114,10.43175114,10.43175114,10.43175114
168,Serbia,SRB,23.12933477,28.86610985,31.08693269,32.40740741,32.40740741,35.36663186,40.89219331,34.07822721,34.09860347,41.06554924,35.14938489,35.43979505,33.51397604,27.85443646,29.50963222,32.98788178,30.05674187,27.46101231,25.96725584,27.94612795,31.77457713,22.79349884,25.68908794,26.06368063,32.98451235,32.98451235,32.98451235,32.98451235
169,Seychelles,SYC,0,0,0,0,0,0,0,0,0,0,0,0,0,0,0,0,0,0,0,0,0,0,0,1.962057478,2.149944873,2.149944873,2.149944873,2.149944873
170,Sierra Leone,SLE,0,0,0,0,0,0,0,0,0,0,16.57866948,10.95890411,10.26785714,11.14206128,14.10684474,22.48803828,10.19417476,30,69.01481524,66.66085757,87.38205474,87.37759053,66.09951307,64.10973904,65.35694521,65.35694521,65.35694521,65.35694521
171,Singapore,SGP,0.540918926,1.44790497,1.386217042,1.2920578,1.175116313,1.101420608,1.01659751,0.91084839,0.863436123,0.829945799,0.773724933,1.429478074,1.364528041,1.400996264,1.301241477,1.250883207,1.209370722,1.183964214,1.258479756,1.298260089,1.305085867,1.327741319,1.358284899,1.546832329,1.662616444,1.662616444,1.662616444,1.662616444
172,Sint Maarten (Dutch part),SXM,NaN,NaN,NaN,NaN,NaN,NaN,NaN,NaN,NaN,NaN,NaN,NaN,NaN,NaN,NaN,NaN,NaN,NaN,NaN,NaN,NaN,NaN,0,0,0,0,0,0
173,Slovak Republic,SVK,7.37341648,5.803553027,8.337637741,14.41939777,17.10660696,18.46526411,16.60642728,16.22161019,16.58246541,15.91887564,14.98473927,15.94989955,16.82602757,11.55683212,13.54563362,14.91451901,15.36910819,17.68966012,15.86578581,18.94749026,21.62831343,17.6718043,19.32363739,22.28028337,22.94459997,22.94459997,22.94459997,22.94459997
174,Slovenia,SVN,23.70620379,28.31136221,27.73007129,25.40599364,26.3590539,25.18392318,28.13050471,23.46690953,25.1238345,28.44216559,28.65531415,26.73855938,23.38676531,22.27930535,27.60133587,23.64887213,24.49884221,22.46227481,26.26989451,29.9152594,29.21562596,24.37951618,27.84280936,32.32336011,38.51890695,38.51890695,38.51890695,38.51890695
175,Solomon Islands,SLB,0,0,0,0,0,0,0,0,0,0,0,0,0,0,0,0,0,0,0,0,0,0,0,0,0,0,0,0
176,Somalia,SOM,0,0,0,0,0,0,0,0,0,0,0,0,0,0,0,0,0,0,0,0,0,0,0,0,0,0,0,0
177,South Africa,ZAF,0.610696254,1.189103488,0.450955582,0.084217327,0.596093754,0.285358262,0.69124193,1.077235577,0.899711265,0.460528285,0.677453966,1.101007335,1.208799253,0.417733343,0.508031378,0.664724959,1.267286158,0.442610365,0.587431854,0.693231773,0.947991023,0.918420809,0.617465567,0.686040633,1.390141539,1.390141539,1.390141539,1.390141539
178,South Sudan,SSD,NaN,NaN,NaN,NaN,NaN,NaN,NaN,NaN,NaN,NaN,NaN,NaN,NaN,NaN,NaN,NaN,NaN,NaN,NaN,NaN,NaN,NaN,0.449438202,0.423728814,0.409836066,0.409836066,0.409836066,0.409836066
179,Spain,ESP,17.21624803,17.97039076,12.50925335,16.16325375,18.0606829,14.72016232,23.7908459,19.54617308,19.07369488,13.2668082,15.61372617,21.15357387,13.83061642,21.67904459,18.1346963,14.60139232,17.64281993,19.30930065,19.98308562,25.38124981,32.77554304,30.0216442,29.58474801,39.58357761,40.10525588,40.10525588,40.10525588,40.10525588
180,Sri Lanka,LKA,99.84126984,92.27124667,81.92090395,95.40085449,93.2072031,92.71137026,71.78807947,66.99708455,68.88967095,67.48059508,45.80239863,46.01091284,38.18258784,42.89787455,36.13843352,37.22651223,49,40.06665993,41.53923038,39.29501302,53.11545227,40.8474867,29.24124023,59.8769026,39.20231121,39.20231121,39.20231121,39.20231121
181,St. Kitts and Nevis,KNA,0,0,0,0,0,0,0,0,0,0,0,0,0,0,0,0,0,0,0,0,2.632794457,2.471910112,3.581267218,4.090909091,4.090909091,4.090909091,4.090909091,4.090909091
182,St. Lucia,LCA,0,0,0,0,0,0,0,0,0,0,0,0,0,0,0,0,0,0,0,0,0,0,0,0,0,0,0,0
183,St. Martin (French part),MAF,NaN,NaN,NaN,NaN,NaN,NaN,NaN,NaN,NaN,NaN,NaN,NaN,NaN,NaN,NaN,NaN,NaN,NaN,NaN,NaN,NaN,NaN,NaN,NaN,NaN,NaN,NaN,NaN
184,St. Vincent and the Grenadines,VCT,47.05882353,24.52830189,35.0877193,37.09677419,32.8125,29.36288089,27.63157895,27.680798,25.93896714,19.44134078,26.55246253,18.72469636,21.61100196,19.13123845,22.45236123,19.36218679,17.274758,16.08788094,17.02586207,17.14285714,17.14890614,21.50330396,21.50330396,22,21.99717381,21.99717381,21.99717381,21.99717381
185,Sudan,SDN,63.23432343,62.49247441,66.64626683,64.70937129,60.33369214,52.14592275,52.06010664,49.02325581,53.05188199,49.93809327,46.04904632,44.64788732,41.61008729,34.67501491,31.92962215,32.95870361,30.3030303,28.89862577,26.57101344,49.73039593,82.70436058,76.48728563,70.14624841,80.8537534,78.34915612,78.34915612,78.34915612,78.34915612
186,Suriname,SUR,NaN,NaN,NaN,NaN,NaN,NaN,NaN,NaN,NaN,NaN,88.39590444,86.63967611,79.3768546,72.6109857,65.60056859,52.70092227,66.88396349,74.14790997,77.94544399,76.7816092,70.18561485,60.6355715,63.23529412,59.93589744,62.33944954,62.33944954,62.33944954,62.33944954
187,Swaziland,SWZ,42.30769231,48.68735084,48.68735084,48.68735084,48.68735084,49.41176471,49.41176471,44.44444444,44.29678848,41.54015402,40.94102619,45.24985187,43.09287074,31.18661258,29.19605078,39.09313725,35.73911453,38.11663143,37.05419176,47.42128646,51.47124506,50.94431881,43.79221615,40.65785012,53.2627866,53.2627866,53.2627866,53.2627866
188,Sweden,SWE,51.0001096,44.30087773,52.33321456,52.9243289,43.0287316,47.57877985,38.40158718,48.27754916,49.1828882,48.27432542,57.24673107,51.5616201,48.49693252,43.38265167,44.94933179,51.29416222,49.6007984,52.02690444,54.30904506,58.41995842,55.30176479,55.94460048,59.06774977,54.03349648,55.83768577,55.83768577,55.83768577,55.83768577
189,Switzerland,CHE,54.98254292,57.16370157,56.909384,59.57279001,60.5732192,57.42995759,52.20884962,56.01690541,54.85683102,59.37559157,57.00048394,59.3979566,55.22034675,54.72477064,54.41321538,55.85838135,51.72685722,54.906004,55.67903813,55.5442233,56.72954642,54.09299071,59.47461109,59.19383003,58.01546318,58.01546318,58.01546318,58.01546318
190,Syrian Arab Republic,SYR,23.49496167,22.03793415,21.01576182,20.54122488,16.80937953,15.1022864,13.90327681,13.32513325,12.76052744,11.91989132,12.81278503,12.76579814,8.749509156,9.338705854,13.01555632,12.38013454,10.58123005,9.000569329,6.993637715,4.308672763,5.584642234,7.813875997,9.746477177,12.03224642,13.80834024,13.80834024,13.80834024,13.80834024
191,Tajikistan,TJK,90.92913039,93.27191037,94.68553085,96.4883603,98.28642092,98.45531197,98.42650378,97.91503035,98.10705866,97.65778312,98.44177722,98.77624809,99.0981571,98.95208674,99.07828513,99.28028087,98.61824624,97.82782668,97.85099399,98.65359558,99.78703985,99.76598103,99.56403912,99.74291557,97.13453133,97.13453133,97.13453133,97.13453133
192,Tanzania,TZA,95.14742015,94.73106476,90.85903084,88.84816754,84.16619876,79.98960499,86.27838105,75.50807712,96.65116279,93.7147811,86.36731392,94.7935368,96.24911536,95.86310643,60.24565608,50.0140647,41.67633411,60.37284895,60.42378674,55.78991774,51.6875237,39.79972511,32.18822687,29.50681703,42.2897572,42.2897572,42.2897572,42.2897572
193,Thailand,THA,11.26403477,9.140181329,7.424077901,5.840049206,6.343341248,8.742179988,9.129360433,8.093235793,6.105361347,4.888992548,6.811006804,6.636399141,7.484428463,7.224981408,5.823729191,5.544755176,6.917155584,6.91389195,6.597886397,6.897179131,5.60988453,8.047900199,8.390870733,8.277930019,9.083055445,9.083055445,9.083055445,9.083055445
194,Timor-Leste,TLS,NaN,NaN,NaN,NaN,NaN,NaN,NaN,NaN,NaN,NaN,NaN,NaN,0,0,0,0,0,0,0,0,0,0,0,0,0,0,0,0
195,Togo,TGO,60.12658228,68.19787986,76.64670659,79.58477509,59.91902834,82.52427184,79.83193277,64.58333333,57.14285714,48.13084112,57.14285714,40.6504065,57.23684211,70.45454545,44.62365591,40.21164021,42.53393665,52.04081633,75.6097561,75,54.18994413,86.71875,84.68468468,81.72043011,88.02816901,88.02816901,88.02816901,88.02816901
196,Tonga,TON,0,0,0,0,0,0,0,0,0,0,0,0,0,0,0,0,0,0,0,0,0,0,0,3.845215989,4.578361834,4.578361834,4.578361834,4.578361834
197,Trinidad and Tobago,TTO,0.866648029,0.672043011,0.754527163,0.733560388,0.786434013,0.766194567,0.37436688,0.360866079,0.348229832,0.343053173,0.366367467,0.513819986,0.460666194,0.186422246,0.357698289,0.311703032,0.625869263,0.247524752,0.258698745,0.242254239,0,0,0,0,0,0,0,0
198,Tunisia,TUN,0.791602134,1.824212272,1.047927262,0.966037736,0.56753689,0.508540879,0.845212565,0.518684428,0.792515135,0.900270081,0.821064553,0.684691011,0.793851871,1.762621789,1.658291457,1.476976542,0.995329607,0.66962661,0.48040103,1.153947023,1.160517957,1.000181851,1.721942307,2.333931777,3.090832632,3.090832632,3.090832632,3.090832632
199,Turkey,TUR,40.36633474,37.84815589,39.62608773,46.18063083,39.21808966,41.56550373,42.94132529,38.9105096,38.33474447,29.98282377,24.93876179,19.83784885,26.2488408,25.29431431,30.73099842,24.54246832,25.25368834,19.0318337,17.34772047,19.57836273,26.37778872,25.32684084,27.23051742,28.8231718,20.88719375,20.88719375,20.88719375,20.88719375
200,Turkmenistan,TKM,4.791238877,4.697986577,0.030342107,0.039566353,0.038109756,0.040816327,0.04950495,0.052642662,0.063721325,0.056433409,0,0,0,0,0,0,0,0,0,0,0,0,0,0,0,0,0,0
201,Turks and Caicos Islands,TCA,0,0,0,0,0,0,0,0,0,0,0,0,0,0,0,0,0,0,0,0,0,0,0,0,0,0,0,0
202,Tuvalu,TUV,0,0,0,0,0,0,0,0,0,0,0,0,0,0,0,0,0,0,0,0,0,0,0,0,0,0,0,0
203,Uganda,UGA,99.35400517,99.40047962,99.44134078,99.41060904,99.5269631,99.54421149,99.57264957,99.60254372,99.51342019,99.55176403,99.60814056,99.61709486,99.64514652,99.65597603,99.88672639,96.38490165,76.67079208,72.29902714,70.25862069,58.59165885,65.33794788,65.34003091,65.34075842,68.02055297,78.60146729,78.60146729,78.60146729,78.60146729
204,Ukraine,UKR,3.520791894,4.205166142,3.124244502,4.805666324,5.977909656,5.135150474,4.722488169,5.542496598,9.11807977,8.332364025,6.58613059,6.972101179,5.559076349,5.143500843,6.474756908,6.670324291,6.686746053,5.337650088,6.138037033,6.979650845,7.100814491,5.744638286,5.663354557,7.800997388,5.585474688,5.585474688,5.585474688,5.585474688
205,United Arab Emirates,ARE,0,0,0,0,0,0,0,0,0,0,0,0,0,0,0,0,0,0,0,0,0,0,0,0.094142456,0.273688613,0.273688613,0.273688613,0.273688613
206,United Kingdom,GBR,1.828767447,1.656439045,2.005661571,1.777625791,2.139841981,2.066534532,1.627480225,1.989231915,2.395320692,2.632717317,2.663105175,2.497332413,2.893173338,2.687161955,3.615249165,4.283239552,4.601846839,5.010051658,5.670924234,6.757810929,6.848008959,9.643994656,11.57796659,15.12670379,19.43923676,19.43923676,19.43923676,19.43923676
207,United States,USA,11.52864685,10.75741423,9.916110117,10.48432561,9.747235524,10.80108499,11.58145005,10.97782813,9.608584982,9.069200581,8.205996942,6.783992314,8.646361178,8.889376121,8.630185532,8.578465534,9.244631183,8.367763936,9.003541347,10.29184507,10.12035515,12.22571352,12.00739706,12.63791912,12.95382709,12.95382709,12.95382709,12.95382709
208,Uruguay,URY,94.94895218,87.90425987,89.76289471,92.22862873,98.79249245,93.5468527,87.09145427,91.1723559,96.12249164,77.1059216,93.38429099,99.79459459,99.67725143,99.87177993,81.5847645,87.50325436,64.87448816,87.05707617,60.90774319,68.73801737,87.6216462,72.04176334,61.74388978,80.87806551,90.91537929,90.91537929,90.91537929,90.91537929
209,Uzbekistan,UZB,11.80292943,11.13449645,12.33721593,14.97080307,14.9707113,13.04027143,14.3662344,12.54397012,12.54466231,12.54518205,12.54481052,12.54560997,12.54512269,15.42510121,18.02,17.54065041,17.98900236,13.07456588,22.99595142,18.67867868,20.9787234,19.54198473,21.35238095,21.32841328,21.35379061,21.35379061,21.35379061,21.35379061
210,Vanuatu,VUT,0,0,0,0,0,0,0,0,0,0,0,0,0,3,3.00245098,3.003604325,3.003533569,3.002309469,18.98936945,18.98936945,19.11807369,15.91680189,15.3674833,15.06646972,15.31531532,15.31531532,15.31531532,15.31531532
211,"Venezuela, RB",VEN,62.34385799,70.32540221,70.09341637,68.42985212,72.00685191,70.05146638,71.23749802,73.35938,71.59649947,75.16465525,73.74840215,67.06798788,64.81513739,65.83572609,71.10459453,73.28342063,73.89831736,72.72225822,72.79395123,71.88660311,67.49000132,70.9302227,67.41140786,67.8345242,68.26323866,68.26323866,68.26323866,68.26323866
212,Vietnam,VNM,61.8477134,68.58849077,74.47707367,74.70455824,75.21972656,72.24194429,70.8687441,60.92933305,51.15732202,58.46597903,54.78332894,59.49424987,50.83808247,46.39218082,38.55958796,31.67399732,33.84358521,34.49438873,35.48149763,36.13225128,29.14028008,39.46018141,45.01921899,41.66200202,41.6498123,41.6498123,41.6498123,41.6498123
213,Virgin Islands (U.S.),VIR,0,0,0,0,0,0,0,0,0,0,0,0,0,0,0,0,0,0,0,0,0,0.069066509,0.075270061,0.080067564,0.765605376,0.765605376,0.765605376,0.765605376
214,West Bank and Gaza,PSE,0,0,0,0,0,0,0,0,0,0,0,0,0,0,0,0,0,0,0,0,0,0,0,0,0,0,0,0
215,"Yemen, Rep.",YEM,0,0,0,0,0,0,0,0,0,0,0,0,0,0,0,0,0,0,0,0,0,0,0,0,0,0,0,0
216,Zambia,ZMB,99.22625733,99.28152979,99.07252547,99.29251037,99.3980344,99.33114589,99.28820656,99.30739202,99.15822702,99.33024214,99.38445755,99.37051492,99.37446339,99.37417258,99.43582511,99.40689346,99.86573022,99.8755574,99.87413468,99.87870211,99.87557427,99.86954253,99.85446313,99.85714286,97.16302242,97.16302242,97.16302242,97.16302242
217,Zimbabwe,ZWE,46.66737877,35.32048409,38.37562219,27.61114087,27.80358328,29.25361669,29.53707497,29.09016169,29.25717758,41.00973064,45.66118656,37.50316216,44.35775009,60.73417434,56.6004733,52.43225944,67.88312014,71.57313707,75.89508197,75.64120148,68.00923254,57.85590278,60.39334999,53.93939394,55.62206924,55.62206924,55.62206924,55.62206924